{"val_loss": [0.1005915382411331, 0.014813879650318995, 0.010633327539835591, 0.009055617374542635, 0.00890000019717263, 0.008622836270660628, 0.009365320605866145, 0.008622063804068603, 0.008909865682653617, 0.008436292599071749, 0.00822424043144565, 0.008241155446739867, 0.007892101944889873, 0.008303093702124897, 0.008503616190864705, 0.008137029166391585, 0.008733577815291937, 0.008882133690349292, 0.008936162215832155, 0.008451497473288327, 0.008167812360625248, 0.00792144107981585, 0.008012680264073424, 0.008063105407927651, 0.008221327603678219, 0.008205367914342787, 0.00799431475752499, 0.007879911485360935, 0.00838647769705858, 0.008704579311597627, 0.008338416664628312, 0.00781606601231033, 0.007968965270265471, 0.007789186034642626, 0.008161825113347732, 0.00785148941213265, 0.007729754222964402, 0.008059656131081283, 0.007660746312467381, 0.00791112553270068, 0.007657994305191096, 0.008005726595001761, 0.007877526033553295, 0.00802925560856238, 0.00790409799083136, 0.008211097527237143, 0.007373816937615629, 0.007624217731063254, 0.0071713596626068465, 0.007179123844252899, 0.007616966177010909, 0.007472334233170841, 0.007227045527542941, 0.007652029329619836, 0.0076740125950891525, 0.007774808560498059, 0.0073092802267638035, 0.007489058778446633, 0.00755181151907891, 0.007132994134735782, 0.007157122774515301, 0.006955329510674346, 0.007043719866487663, 0.00714375423558522, 0.007249721784319263, 0.007069156075885985, 0.0072769122052704915, 0.0072948541201185435, 0.007047770639474038, 0.0071297114991466515, 0.006740112949046306, 0.007096868299413472, 0.007260478058014996, 0.0070697288974770345, 0.006882472967845388, 0.006832117578596808, 0.006764677476894576, 0.00685836881166324, 0.007161250701756217, 0.00714438826253172, 0.007057610448100604, 0.006976974073040765, 0.00682822780800052, 0.0072538294771220535, 0.006834799707576167, 0.007238922524265945, 0.007128616081899963, 0.007173859441536479, 0.00657567798771197, 0.006879481348732952, 0.0067983761546202, 0.007034428475890309, 0.006923771637957543, 0.006768748156900983, 0.006950295908609405, 0.006775772038963623, 0.006774291949113831, 0.0068399212177610025, 0.007120232010493055, 0.00683472647506278], "val_mean_squared_error": [0.1005915382411331, 0.014813879650318995, 0.010633327539835591, 0.009055617374542635, 0.00890000019717263, 0.008622836270660628, 0.009365320605866145, 0.008622063804068603, 0.008909865682653617, 0.008436292599071749, 0.00822424043144565, 0.008241155446739867, 0.007892101944889873, 0.008303093702124897, 0.008503616190864705, 0.008137029166391585, 0.008733577815291937, 0.008882133690349292, 0.008936162215832155, 0.008451497473288327, 0.008167812360625248, 0.00792144107981585, 0.008012680264073424, 0.008063105407927651, 0.008221327603678219, 0.008205367914342787, 0.00799431475752499, 0.007879911485360935, 0.00838647769705858, 0.008704579311597627, 0.008338416664628312, 0.00781606601231033, 0.007968965270265471, 0.007789186034642626, 0.008161825113347732, 0.00785148941213265, 0.007729754222964402, 0.008059656131081283, 0.007660746312467381, 0.00791112553270068, 0.007657994305191096, 0.008005726595001761, 0.007877526033553295, 0.00802925560856238, 0.00790409799083136, 0.008211097527237143, 0.007373816937615629, 0.007624217731063254, 0.0071713596626068465, 0.007179123844252899, 0.007616966177010909, 0.007472334233170841, 0.007227045527542941, 0.007652029329619836, 0.0076740125950891525, 0.007774808560498059, 0.0073092802267638035, 0.007489058778446633, 0.00755181151907891, 0.007132994134735782, 0.007157122774515301, 0.006955329510674346, 0.007043719866487663, 0.00714375423558522, 0.007249721784319263, 0.007069156075885985, 0.0072769122052704915, 0.0072948541201185435, 0.007047770639474038, 0.0071297114991466515, 0.006740112949046306, 0.007096868299413472, 0.007260478058014996, 0.0070697288974770345, 0.006882472967845388, 0.006832117578596808, 0.006764677476894576, 0.00685836881166324, 0.007161250701756217, 0.00714438826253172, 0.007057610448100604, 0.006976974073040765, 0.00682822780800052, 0.0072538294771220535, 0.006834799707576167, 0.007238922524265945, 0.007128616081899963, 0.007173859441536479, 0.00657567798771197, 0.006879481348732952, 0.0067983761546202, 0.007034428475890309, 0.006923771637957543, 0.006768748156900983, 0.006950295908609405, 0.006775772038963623, 0.006774291949113831, 0.0068399212177610025, 0.007120232010493055, 0.00683472647506278], "loss": [5.402362108230591, 0.035025565781527095, 0.011971154560645422, 0.008587270664672056, 0.008518294586489597, 0.008048329088422988, 0.007655301183048222, 0.008009605937533908, 0.007976653571758006, 0.007657302181339926, 0.007330729729599423, 0.007156770935075151, 0.007077978509995673, 0.007039595602287186, 0.007013061290813817, 0.007213290315121412, 0.007978632632229064, 0.008103649235434003, 0.007455906261586481, 0.007405073537180821, 0.006657342012557719, 0.007173376571800973, 0.006802521646022797, 0.007031782530248165, 0.006736137283345063, 0.006895285254965226, 0.006517280565781726, 0.006356489430699084, 0.0066828867937955595, 0.0063009307098885374, 0.006885332831492026, 0.007246457092050049, 0.006739375595417287, 0.006982852911783589, 0.006218048485202922, 0.006147549435910251, 0.006179000354475445, 0.005998498604943355, 0.0068780226736432975, 0.0063017190744479494, 0.006005576294329431, 0.006003939443164402, 0.0063434214227729374, 0.00571083158461584, 0.005572454434716039, 0.0059787519793543555, 0.005479909634838502, 0.005380484534220563, 0.0056115320573250456, 0.005524095147848129, 0.0056291888985368944, 0.005438691781212886, 0.005211721536599928, 0.005130980474253495, 0.005386099271062348, 0.005857469151831335, 0.005612338065273232, 0.005346663968844546, 0.004950494971126318, 0.005287957325991657, 0.005801300000813272, 0.00472441419131226, 0.005020426560400261, 0.005291154970311456, 0.0044503048476245664, 0.0047509483475652, 0.00465045589953661, 0.0044679778317610426, 0.0049702007737424635, 0.004664108622819185, 0.004570796154439449, 0.0037384081062757308, 0.004149995330307219, 0.004191788172142373, 0.004219276985774438, 0.004184807469654415, 0.004035794124421146, 0.00404738024291065, 0.004179080404962103, 0.004298242093581293, 0.004363571293652058, 0.0043520548691352206, 0.004506192920315597, 0.004237307752999995, 0.004385621752589941, 0.0042078798740274375, 0.004236988490447402, 0.003916289760834641, 0.00385869985135893, 0.003898519091308117, 0.003955677694951494, 0.003840086464252737, 0.004086505569931533, 0.004199187995658981, 0.0038134613488283423, 0.003717743791639805, 0.0036501625501033333, 0.003633352979603741, 0.00366743977388574, 0.0035909279508309234],