{"val_loss": [0.17125141457654536, 0.10728548362385482, 0.10681174043565989, 0.09821712307166308, 0.09750911081209779, 0.09243919956497848, 0.0935586397536099, 0.09477597393561155, 0.09564671746920794, 0.09450830251444131, 0.09265406907070428, 0.09487748076207936, 0.08971353911329061, 0.09333078691270202, 0.08842432696837932, 0.09440368437208235, 0.09011442051269114, 0.0898188108112663, 0.08937600895296782, 0.08613732433877885, 0.09131550777237862, 0.08770516898948699, 0.09212419076357037, 0.09525678935460746, 0.08835576672572643, 0.08918311272282153, 0.09229106362909079, 0.08649902848992497, 0.08590792398899794, 0.09581077180337161, 0.08634391310624778, 0.08336782816331834, 0.08568323915824294, 0.08303743787109852, 0.08343400794547051, 0.08551025623455644, 0.08195372112095356, 0.08503320044837892, 0.08513354347087443, 0.08054331364110112, 0.08761065639555454, 0.09063034877181053, 0.08483330917079002, 0.09006299788597971, 0.0838334911968559, 0.0823419545777142, 0.0869801138760522, 0.08439074386842549, 0.08666602848097682, 0.08489039679989219, 0.08741140260826796, 0.08721576794050634, 0.08549607684835792, 0.08136695076245815, 0.08366056182421744, 0.08296788285952061, 0.08217780641280115, 0.08205651945900172, 0.08039536362048239, 0.08039013372035697, 0.07816990971332416, 0.08111747284419835, 0.0800546471728012, 0.08097082114545628, 0.08812319824937731, 0.08581803820561618, 0.0809945747605525, 0.08272227272391319, 0.07707196252886206, 0.07823187601752579, 0.07939261046703905, 0.07661065686261281, 0.0826733538415283, 0.08301863062661141, 0.08440679381601512, 0.08327415061648935, 0.08628521196078509, 0.0816740783629939, 0.07965352502651513, 0.07886054378468543, 0.08122975844889879, 0.08007516642101109, 0.07951965840766206, 0.080047115101479, 0.0810575361829251, 0.0846584114478901, 0.08747690683230758, 0.08132950856816024, 0.08070339763071388, 0.08171574759762734, 0.0770586155122146, 0.07900288375094533, 0.08080473600421101, 0.0813588947057724, 0.07836614002007991, 0.07821620116010308, 0.08164478815160692, 0.07657048560213298, 0.07798006338998675, 0.07820813462603837], "val_mean_squared_error": [0.17125141457654536, 0.10728548362385482, 0.10681174043565989, 0.09821712307166308, 0.09750911081209779, 0.09243919956497848, 0.0935586397536099, 0.09477597393561155, 0.09564671746920794, 0.09450830251444131, 0.09265406907070428, 0.09487748076207936, 0.08971353911329061, 0.09333078691270202, 0.08842432696837932, 0.09440368437208235, 0.09011442051269114, 0.0898188108112663, 0.08937600895296782, 0.08613732433877885, 0.09131550777237862, 0.08770516898948699, 0.09212419076357037, 0.09525678935460746, 0.08835576672572643, 0.08918311272282153, 0.09229106362909079, 0.08649902848992497, 0.08590792398899794, 0.09581077180337161, 0.08634391310624778, 0.08336782816331834, 0.08568323915824294, 0.08303743787109852, 0.08343400794547051, 0.08551025623455644, 0.08195372112095356, 0.08503320044837892, 0.08513354347087443, 0.08054331364110112, 0.08761065639555454, 0.09063034877181053, 0.08483330917079002, 0.09006299788597971, 0.0838334911968559, 0.0823419545777142, 0.0869801138760522, 0.08439074386842549, 0.08666602848097682, 0.08489039679989219, 0.08741140260826796, 0.08721576794050634, 0.08549607684835792, 0.08136695076245815, 0.08366056182421744, 0.08296788285952061, 0.08217780641280115, 0.08205651945900172, 0.08039536362048239, 0.08039013372035697, 0.07816990971332416, 0.08111747284419835, 0.0800546471728012, 0.08097082114545628, 0.08812319824937731, 0.08581803820561618, 0.0809945747605525, 0.08272227272391319, 0.07707196252886206, 0.07823187601752579, 0.07939261046703905, 0.07661065686261281, 0.0826733538415283, 0.08301863062661141, 0.08440679381601512, 0.08327415061648935, 0.08628521196078509, 0.0816740783629939, 0.07965352502651513, 0.07886054378468543, 0.08122975844889879, 0.08007516642101109, 0.07951965840766206, 0.080047115101479, 0.0810575361829251, 0.0846584114478901, 0.08747690683230758, 0.08132950856816024, 0.08070339763071388, 0.08171574759762734, 0.0770586155122146, 0.07900288375094533, 0.08080473600421101, 0.0813588947057724, 0.07836614002007991, 0.07821620116010308, 0.08164478815160692, 0.07657048560213298, 0.07798006338998675, 0.07820813462603837], "loss": [6.445708630813493, 0.11590114153093761, 0.09536121040582657, 0.08821313331524532, 0.08305901206201977, 0.08667349401447508, 0.08690324839618471, 0.08695345785882738, 0.08418579565154181, 0.08304242624176873, 0.08229574064413707, 0.08874244656827715, 0.08219033893611696, 0.0807785979575581, 0.08264362812042236, 0.08188903414540821, 0.08270252992709477, 0.07796286874347264, 0.07809833354420131, 0.07866471426354514, 0.0839483853843477, 0.07985517217053308, 0.0828094548649258, 0.07965798924366634, 0.08331180695030424, 0.08784494052330653, 0.07889891746971342, 0.08574934552113216, 0.08464803381098641, 0.07954308225048913, 0.08477128793795903, 0.07678325639830695, 0.0745762830807103, 0.08200661755270428, 0.07963167958789402, 0.08217115203539531, 0.07203054014179441, 0.07724897811810176, 0.074821880294217, 0.07469879587491353, 0.0846050853530566, 0.0810190157757865, 0.08065922227170733, 0.0799344355861346, 0.07750272999207179, 0.08389781912167867, 0.08101949509647158, 0.08332641257180108, 0.07221859320998192, 0.07512632757425308, 0.07278572271267574, 0.07461598763863246, 0.07948753320508534, 0.07774200869931115, 0.07516859306229486, 0.07781754848029879, 0.07990844630532795, 0.07315177801582548, 0.07394928733507793, 0.06948747610052426, 0.06922138316763772, 0.07627322110864851, 0.06915040645334455, 0.07323773205280304, 0.07636436820030212, 0.07206046250131395, 0.07289690772692363, 0.06869001479612456, 0.070195315612687, 0.07004957811699973, 0.07224892204006512, 0.06634531128737661, 0.06842742322219743, 0.0690196090274387, 0.0697952335079511, 0.07655671570036146, 0.07499442166752285, 0.07216686258713405, 0.07255534248219596, 0.07034464139077398, 0.06981853561268912, 0.06939412239525053, 0.06907488819625643, 0.06909284161196814, 0.06734379256765048, 0.06854002839989132, 0.07318311184644699, 0.07086262024111217, 0.07232618166340722, 0.07089800056484011, 0.06886636258827315, 0.07018554541799757, 0.06419294534458055, 0.06660487171676424, 0.06510462943050596, 0.06560575920674536, 0.06608631213506062, 0.0628159385588434, 0.06666067118446033, 0.06583558726641867],