{"val_loss": [90.00888431072235, 85.97585636377335, 85.46663773059845, 84.147864818573, 84.55259692668915, 81.95097088813782, 82.88289451599121, 79.46927958726883, 79.65633410215378, 79.98454958200455, 73.92050504684448, 72.1636580824852, 73.8116255402565, 68.68045574426651, 74.89728486537933, 74.77945965528488, 73.94166159629822, 67.55523401498795, 62.392299473285675, 64.67639005184174, 63.83005303144455, 62.224322736263275, 59.354843854904175, 59.736582696437836, 55.62605458498001, 59.475729286670685, 54.894958674907684, 51.95755875110626, 53.12718039751053, 51.44564187526703, 52.15714055299759, 51.591447830200195, 52.17618936300278, 49.736025899648666, 48.49519240856171, 51.79441350698471, 51.278837472200394, 47.32846084237099, 46.18780994415283, 49.4630172252655, 48.56657874584198, 48.2073087990284, 47.60498550534248, 45.56823879480362, 45.68693932890892, 45.47664660215378, 46.72016730904579, 44.88150280714035, 46.12495839595795, 47.88761809468269, 44.83418956398964, 44.7258737385273, 41.784079402685165, 45.85143041610718, 49.07321807742119, 45.90973353385925, 43.83158814907074, 43.37744668126106, 47.401767671108246, 48.078948974609375, 43.958264857530594, 45.11791807413101, 44.08663320541382, 42.7373466193676, 42.62502661347389, 45.2868729531765, 44.482878625392914, 42.84249299764633, 42.00620123744011, 42.470771104097366, 46.55496135354042, 44.124695509672165, 42.69423899054527, 42.39317083358765, 43.06874084472656, 43.184552639722824, 42.948480784893036, 45.19195619225502, 41.45394244790077, 43.9600093960762, 43.19197487831116, 43.43322676420212, 41.99962827563286, 44.74846789240837, 45.00410917401314, 42.704902946949005, 44.665416210889816, 43.09177654981613, 41.13176569342613, 42.19675010442734, 41.73021659255028, 41.938170343637466, 41.31852874159813, 44.61302497982979, 44.949007362127304, 40.93198671936989, 44.624406933784485, 40.74140977859497, 43.05078333616257, 44.89029937982559], "val_mean_squared_error": [90.00888431072235, 85.97585636377335, 85.46663773059845, 84.147864818573, 84.55259692668915, 81.95097088813782, 82.88289451599121, 79.46927958726883, 79.65633410215378, 79.98454958200455, 73.92050504684448, 72.1636580824852, 73.8116255402565, 68.68045574426651, 74.89728486537933, 74.77945965528488, 73.94166159629822, 67.55523401498795, 62.392299473285675, 64.67639005184174, 63.83005303144455, 62.224322736263275, 59.354843854904175, 59.736582696437836, 55.62605458498001, 59.475729286670685, 54.894958674907684, 51.95755875110626, 53.12718039751053, 51.44564187526703, 52.15714055299759, 51.591447830200195, 52.17618936300278, 49.736025899648666, 48.49519240856171, 51.79441350698471, 51.278837472200394, 47.32846084237099, 46.18780994415283, 49.4630172252655, 48.56657874584198, 48.2073087990284, 47.60498550534248, 45.56823879480362, 45.68693932890892, 45.47664660215378, 46.72016730904579, 44.88150280714035, 46.12495839595795, 47.88761809468269, 44.83418956398964, 44.7258737385273, 41.784079402685165, 45.85143041610718, 49.07321807742119, 45.90973353385925, 43.83158814907074, 43.37744668126106, 47.401767671108246, 48.078948974609375, 43.958264857530594, 45.11791807413101, 44.08663320541382, 42.7373466193676, 42.62502661347389, 45.2868729531765, 44.482878625392914, 42.84249299764633, 42.00620123744011, 42.470771104097366, 46.55496135354042, 44.124695509672165, 42.69423899054527, 42.39317083358765, 43.06874084472656, 43.184552639722824, 42.948480784893036, 45.19195619225502, 41.45394244790077, 43.9600093960762, 43.19197487831116, 43.43322676420212, 41.99962827563286, 44.74846789240837, 45.00410917401314, 42.704902946949005, 44.665416210889816, 43.09177654981613, 41.13176569342613, 42.19675010442734, 41.73021659255028, 41.938170343637466, 41.31852874159813, 44.61302497982979, 44.949007362127304, 40.93198671936989, 44.624406933784485, 40.74140977859497, 43.05078333616257, 44.89029937982559], "loss": [128.38306850857205, 106.89987013075087, 105.66661665174696, 113.3232913547092, 111.53980255126953, 95.52935282389323, 100.75957489013672, 96.21687910291884, 93.36198340521918, 98.58855353461371, 93.30356936984592, 86.05676778157552, 85.85360717773438, 81.67312113444011, 86.29083506266277, 76.76663123236762, 76.69047037760417, 78.99124399820964, 65.06410513983832, 65.50874413384332, 62.11894438001845, 61.89887619018555, 56.724759843614365, 48.713084326850044, 49.665735456678604, 45.07605976528592, 38.607755449083115, 37.745958964029946, 31.449974483913845, 33.14007801479764, 30.21487659878201, 29.452654096815323, 25.379347059461807, 23.23291163974338, 22.455966101752388, 16.56848578982883, 20.930852042304146, 22.732461505466038, 17.180408901638454, 13.972988022698296, 11.831772274441189, 11.899075508117676, 9.110938231150309, 9.754613452487522, 8.851578288608128, 8.946937031216091, 7.183549192216661, 5.346804036034478, 6.069392363230388, 5.867108133104113, 5.707555002636379, 5.561328093210856, 3.758404811223348, 4.589528269237942, 5.201634618971083, 5.218796120749579, 4.750035100513035, 4.467792828877767, 3.274632215499878, 4.235449923409356, 4.247131639056736, 3.6405455006493463, 2.7369055350621543, 2.3265912930170694, 2.2139452695846558, 1.6155103180143568, 2.0171616541014776, 1.5881397856606378, 1.3718467950820923, 1.3911381761233013, 1.1931012736426458, 1.2901043626997206, 0.8338614635997348, 0.8459883630275726, 0.8407308724191453, 0.849217779106564, 1.132850382063124, 0.716423233350118, 0.8733997808562385, 0.8228658702638414, 0.6865277455912696, 0.6011429097917345, 0.583997776110967, 0.7294457654158274, 0.6794933080673218, 0.7649527059661018, 0.6905503140555488, 0.5832868980036842, 0.4744976974195904, 0.547531416018804, 0.6134909523857964, 0.40454280542002785, 0.44743941062026554, 0.45640722579426235, 0.40780627230803174, 0.4569423761632707, 0.29592764377593994, 0.3088056693474452, 0.26544455687205, 0.2530360867579778], "mean_squared_error": [128.38306850857205, 106.89987013075087, 105.66661665174696, 113.3232913547092, 111.53980255126953, 95.52935282389323, 100.75957489013672, 96.21687910291884, 93.36198340521918, 98.58855353461371, 93.30356936984592, 86.05676778157552, 85.85360717773438, 81.67312113444011, 86.29083506266277, 76.76663123236762, 76.69047037760417, 78.99124399820964, 65.06410513983832, 65.50874413384332, 62.11894438001845, 61.89887619018555, 56.724759843614365, 48.713084326850044, 49.665735456678604, 45.07605976528592, 38.607755449083115, 37.745958964029946, 31.449974483913845, 33.14007801479764, 30.21487659878201, 29.452654096815323, 25.379347059461807, 23.23291163974338, 22.455966101752388, 16.56848578982883, 20.930852042304146, 22.732461505466038, 17.180408901638454, 13.972988022698296, 11.831772274441189, 11.899075508117676, 9.110938231150309, 9.754613452487522, 8.851578288608128, 8.946937031216091, 7.183549192216661, 5.346804036034478, 6.069392363230388, 5.867108133104113, 5.707555002636379, 5.561328093210856, 3.758404811223348, 4.589528269237942, 5.201634618971083, 5.218796120749579, 4.750035100513035, 4.467792828877767, 3.274632215499878, 4.235449923409356, 4.247131639056736, 3.6405455006493463, 2.7369055350621543, 2.3265912930170694, 2.2139452695846558, 1.6155103180143568, 2.0171616541014776, 1.5881397856606378, 1.3718467950820923, 1.3911381761233013, 1.1931012736426458, 1.2901043626997206, 0.8338614635997348, 0.8459883630275726, 0.8407308724191453, 0.849217779106564, 1.132850382063124, 0.716423233350118, 0.8733997808562385, 0.8228658702638414, 0.6865277455912696, 0.6011429097917345, 0.583997776110967, 0.7294457654158274, 0.6794933080673218, 0.7649527059661018, 0.6905503140555488, 0.5832868980036842, 0.4744976974195904, 0.547531416018804, 0.6134909523857964, 0.40454280542002785, 0.44743941062026554, 0.45640722579426235, 0.40780627230803174, 0.4569423761632707, 0.29592764377593994, 0.3088056693474452, 0.26544455687205, 0.2530360867579778]}