{"val_loss": [0.19498509005643427, 0.17276637954637408, 0.17303863679990172, 0.17280065058730543, 0.17410297505557537, 0.17547360272146761, 0.1685622010845691, 0.16251535341143608, 0.1699297372251749, 0.16616574767977, 0.1577472856733948, 0.1644255754072219, 0.15671362983994186, 0.16547661274671555, 0.15825961926020682, 0.1617784253321588, 0.16741735255345702, 0.167856429470703, 0.1661204999545589, 0.1572906814981252, 0.15533074748236686, 0.15970737440511584, 0.16093950893264264, 0.15915355854667723, 0.17167011485435069, 0.15838162344880402, 0.16087539913132787, 0.15636688540689647, 0.15569942037109286, 0.15558677236549556, 0.15586084790993482, 0.15358458866830915, 0.1576240323483944, 0.15798016195185483, 0.15467202081345022, 0.15173232718370855, 0.1586675348225981, 0.15629547915887088, 0.151772839599289, 0.15550001396331936, 0.1570424915989861, 0.14866184117272496, 0.1484184495639056, 0.15178412606474012, 0.15693244838621467, 0.16621717368252575, 0.15523763617966324, 0.1512359023327008, 0.15846387669444084, 0.14883038168773055, 0.15120843425393105, 0.1540790603030473, 0.14989828469697386, 0.15673382999375463, 0.15561560506466776, 0.1547063437756151, 0.15431805001571774, 0.1486003187019378, 0.15003063762560487, 0.1528005333384499, 0.15764491015579551, 0.14668457407969981, 0.14952872425783426, 0.14891029032878578, 0.16453031124547124, 0.1483739853138104, 0.14699588913936168, 0.15186401433311403, 0.14742359053343534, 0.15059727092739195, 0.15067149105016142, 0.15055278281215578, 0.14579826430417597, 0.14282442745752633, 0.1491519925184548, 0.14433155057486147, 0.1461599983740598, 0.14236021507531404, 0.1541321201948449, 0.14423237857408822, 0.1452468183124438, 0.14433229446876794, 0.1464179455069825, 0.14590830088127404, 0.14369390695355833, 0.13923464063555002, 0.1450023129582405, 0.14190030959434807, 0.14388399117160589, 0.13753113383427262, 0.13613218255341053, 0.13926204177550972, 0.13762516644783318, 0.14188005530741066, 0.1373872619587928, 0.1537694208091125, 0.14272576291114092, 0.14614899712614715, 0.14212622365448624, 0.14134622598066926], "val_mean_squared_error": [0.19498509005643427, 0.17276637954637408, 0.17303863679990172, 0.17280065058730543, 0.17410297505557537, 0.17547360272146761, 0.1685622010845691, 0.16251535341143608, 0.1699297372251749, 0.16616574767977, 0.1577472856733948, 0.1644255754072219, 0.15671362983994186, 0.16547661274671555, 0.15825961926020682, 0.1617784253321588, 0.16741735255345702, 0.167856429470703, 0.1661204999545589, 0.1572906814981252, 0.15533074748236686, 0.15970737440511584, 0.16093950893264264, 0.15915355854667723, 0.17167011485435069, 0.15838162344880402, 0.16087539913132787, 0.15636688540689647, 0.15569942037109286, 0.15558677236549556, 0.15586084790993482, 0.15358458866830915, 0.1576240323483944, 0.15798016195185483, 0.15467202081345022, 0.15173232718370855, 0.1586675348225981, 0.15629547915887088, 0.151772839599289, 0.15550001396331936, 0.1570424915989861, 0.14866184117272496, 0.1484184495639056, 0.15178412606474012, 0.15693244838621467, 0.16621717368252575, 0.15523763617966324, 0.1512359023327008, 0.15846387669444084, 0.14883038168773055, 0.15120843425393105, 0.1540790603030473, 0.14989828469697386, 0.15673382999375463, 0.15561560506466776, 0.1547063437756151, 0.15431805001571774, 0.1486003187019378, 0.15003063762560487, 0.1528005333384499, 0.15764491015579551, 0.14668457407969981, 0.14952872425783426, 0.14891029032878578, 0.16453031124547124, 0.1483739853138104, 0.14699588913936168, 0.15186401433311403, 0.14742359053343534, 0.15059727092739195, 0.15067149105016142, 0.15055278281215578, 0.14579826430417597, 0.14282442745752633, 0.1491519925184548, 0.14433155057486147, 0.1461599983740598, 0.14236021507531404, 0.1541321201948449, 0.14423237857408822, 0.1452468183124438, 0.14433229446876794, 0.1464179455069825, 0.14590830088127404, 0.14369390695355833, 0.13923464063555002, 0.1450023129582405, 0.14190030959434807, 0.14388399117160589, 0.13753113383427262, 0.13613218255341053, 0.13926204177550972, 0.13762516644783318, 0.14188005530741066, 0.1373872619587928, 0.1537694208091125, 0.14272576291114092, 0.14614899712614715, 0.14212622365448624, 0.14134622598066926], "loss": [5.53186489476098, 0.19063233666949803, 0.16674363447560203, 0.15987046559651694, 0.15056902087397045, 0.16418489317099252, 0.1638440473212136, 0.1593683742814594, 0.15574192172951168, 0.16190819607840645, 0.16242632269859314, 0.14914175040192074, 0.1569704463084539, 0.15176000032160017, 0.16581039296256173, 0.15256036321322122, 0.15704640083842808, 0.1646124240424898, 0.15066470868057674, 0.1540795945458942, 0.1553478009170956, 0.15391081737147438, 0.14214170475800833, 0.14787659214602578, 0.15582186314794752, 0.14623567627535927, 0.15148583385679457, 0.1447844604651133, 0.1437493157055643, 0.14722527232435015, 0.1431948890288671, 0.16257415380742815, 0.14077950186199611, 0.14810202850235832, 0.14516518513361612, 0.13692239671945572, 0.13873079501920277, 0.14782396621174282, 0.14779386089907753, 0.14174104895856646, 0.13757931027147505, 0.14863921619123882, 0.1539793246322208, 0.14232937577697966, 0.1414850370751487, 0.14197865708006752, 0.14478380812538993, 0.1507310155365202, 0.15116893417305416, 0.1442804386218389, 0.14553058478567335, 0.1325794830918312, 0.14997358785735238, 0.1346804549296697, 0.13791118313868841, 0.14003559864229626, 0.1392421606514189, 0.13980291783809662, 0.13624333341916403, 0.1420463729235861, 0.1404669483502706, 0.15313184095753563, 0.1442138734791014, 0.14209426111645168, 0.14688854747348362, 0.1426125102572971, 0.13916535841094124, 0.14064063049025005, 0.14143454366260105, 0.15066570705837673, 0.14413511670298046, 0.13392436256011328, 0.13319640358289084, 0.13153892589939964, 0.13142124397887123, 0.14548596243063608, 0.13098112659321892, 0.12950189742777082, 0.14075780659914017, 0.13701078295707703, 0.13737617267502678, 0.13235057890415192, 0.14098822491036522, 0.1245461826523145, 0.1287536546587944, 0.13450627939568627, 0.12919448067744574, 0.12952100982268652, 0.12412132819493611, 0.12137311448653539, 0.12361855142646366, 0.12959419356452095, 0.1064754037393464, 0.11537028021282619, 0.13203096141417822, 0.12396484696202809, 0.13910287949774, 0.11862432459990184, 0.11902742998467551, 0.13193385634157392],