{"val_loss": [0.09322903957217932, 0.04439725284464657, 0.039732956705847755, 0.03825787251116708, 0.037310993910068646, 0.036370932328281924, 0.03062795809819363, 0.031139559665462002, 0.03157736791763455, 0.03174767276505008, 0.030864495551213622, 0.029906572308391333, 0.029349508637096733, 0.028646497055888176, 0.0300275495974347, 0.02888297423487529, 0.030117536865873262, 0.02741014599450864, 0.02667331596603617, 0.028912982408655807, 0.028466873744037002, 0.02765414834721014, 0.026216610422125086, 0.026560366924968548, 0.02817364563816227, 0.026408385921968147, 0.026677479065256193, 0.02751135572907515, 0.027013370010536164, 0.025788460712647066, 0.026915421709418297, 0.026934096706099808, 0.025801955460337922, 0.0256876788334921, 0.0269110420049401, 0.025466445920756087, 0.02729193735285662, 0.026391903375042602, 0.026570140340481885, 0.02742934029083699, 0.02548620293964632, 0.027572144870646298, 0.02550966021954082, 0.025173539499519393, 0.025650623283581808, 0.026560666679870337, 0.026560728409094736, 0.025396083714440465, 0.02581925311824307, 0.02561276944470592, 0.025976166158216074, 0.02685893973102793, 0.02608599138329737, 0.024740127002587542, 0.025510168925393373, 0.024622798315249383, 0.0257684511016123, 0.02571211100439541, 0.02431297917792108, 0.024288811051519588, 0.02458194736391306, 0.02476569771533832, 0.02308046299731359, 0.02401350234868005, 0.023266678283107467, 0.02393489598762244, 0.023721472738543525, 0.024124841700540856, 0.02363774730474688, 0.02621667366474867, 0.025082142907194793, 0.022574428672669455, 0.024239676276920363, 0.024753962352406234, 0.02487150189699605, 0.022323969868011773, 0.0239987359236693, 0.022201465399120934, 0.023774462461005896, 0.022851764253573492, 0.022913745837286115, 0.024644855730002746, 0.0221180764347082, 0.025000340479891747, 0.02329345335601829, 0.022474556288216263, 0.023037431325064972, 0.023407207219861448, 0.02392859273822978, 0.022247177927056327, 0.022768607872421853, 0.022503412939840928, 0.02325401216512546, 0.025505745827103965, 0.02260570411453955, 0.02126712750759907, 0.023385636071907356, 0.02290425094543025, 0.022573584152269177, 0.020857622832409106], "val_mean_squared_error": [0.09322903957217932, 0.04439725284464657, 0.039732956705847755, 0.03825787251116708, 0.037310993910068646, 0.036370932328281924, 0.03062795809819363, 0.031139559665462002, 0.03157736791763455, 0.03174767276505008, 0.030864495551213622, 0.029906572308391333, 0.029349508637096733, 0.028646497055888176, 0.0300275495974347, 0.02888297423487529, 0.030117536865873262, 0.02741014599450864, 0.02667331596603617, 0.028912982408655807, 0.028466873744037002, 0.02765414834721014, 0.026216610422125086, 0.026560366924968548, 0.02817364563816227, 0.026408385921968147, 0.026677479065256193, 0.02751135572907515, 0.027013370010536164, 0.025788460712647066, 0.026915421709418297, 0.026934096706099808, 0.025801955460337922, 0.0256876788334921, 0.0269110420049401, 0.025466445920756087, 0.02729193735285662, 0.026391903375042602, 0.026570140340481885, 0.02742934029083699, 0.02548620293964632, 0.027572144870646298, 0.02550966021954082, 0.025173539499519393, 0.025650623283581808, 0.026560666679870337, 0.026560728409094736, 0.025396083714440465, 0.02581925311824307, 0.02561276944470592, 0.025976166158216074, 0.02685893973102793, 0.02608599138329737, 0.024740127002587542, 0.025510168925393373, 0.024622798315249383, 0.0257684511016123, 0.02571211100439541, 0.02431297917792108, 0.024288811051519588, 0.02458194736391306, 0.02476569771533832, 0.02308046299731359, 0.02401350234868005, 0.023266678283107467, 0.02393489598762244, 0.023721472738543525, 0.024124841700540856, 0.02363774730474688, 0.02621667366474867, 0.025082142907194793, 0.022574428672669455, 0.024239676276920363, 0.024753962352406234, 0.02487150189699605, 0.022323969868011773, 0.0239987359236693, 0.022201465399120934, 0.023774462461005896, 0.022851764253573492, 0.022913745837286115, 0.024644855730002746, 0.0221180764347082, 0.025000340479891747, 0.02329345335601829, 0.022474556288216263, 0.023037431325064972, 0.023407207219861448, 0.02392859273822978, 0.022247177927056327, 0.022768607872421853, 0.022503412939840928, 0.02325401216512546, 0.025505745827103965, 0.02260570411453955, 0.02126712750759907, 0.023385636071907356, 0.02290425094543025, 0.022573584152269177, 0.020857622832409106], "loss": [5.113917296959294, 0.056744435595141515, 0.04377673504253229, 0.04001467592186398, 0.03298163517481751, 0.03962033076418771, 0.03355683013796806, 0.03532306249770853, 0.030125157079762883, 0.030275279449092016, 0.03089065146115091, 0.029299187163511913, 0.02739042912920316, 0.026060905100570783, 0.030587122672133975, 0.026964699642525777, 0.02899321334229575, 0.02977827646666103, 0.028035632231169276, 0.030515537700719304, 0.02791241556406021, 0.02537233754992485, 0.02644632611837652, 0.022892402691973582, 0.02649685160981284, 0.025676483909289043, 0.02397215635412269, 0.02434393742846118, 0.026020124554634094, 0.023726168295575514, 0.024682353147202067, 0.02277965388364262, 0.021520971631010372, 0.019481496885418892, 0.02128862693077988, 0.021599759865138266, 0.02046626682082812, 0.023468954488635063, 0.020726860811312992, 0.021410821833544307, 0.025041775570975408, 0.02063764611052142, 0.022409992292523384, 0.01916578681104713, 0.020600284242795572, 0.02055904796967904, 0.02245164890256193, 0.020204516334666148, 0.020146197742886014, 0.023312644722561043, 0.021753954287204478, 0.02092274816499816, 0.021048777736723423, 0.020824224791593023, 0.01908275940352016, 0.02179064229130745, 0.01984956922630469, 0.018249941058456898, 0.018303262380262215, 0.01754331381784545, 0.018180503509938717, 0.0186932020717197, 0.016647898488574557, 0.020298568738831416, 0.01650541327479813, 0.01332490032331811, 0.015817870385944843, 0.01840227780242761, 0.016474119284086756, 0.016923560864395566, 0.020424169798692066, 0.016207297953466576, 0.014058053700460328, 0.015243142015404172, 0.016456805169582367, 0.014437874468664328, 0.01419175799108214, 0.014916519530945353, 0.012707905119491948, 0.013971016328367922, 0.012597261617581049, 0.015284518400828043, 0.013818999235000875, 0.014757052788303958, 0.01228981806586186, 0.011139394404987494, 0.013436377255453004, 0.012594468167258633, 0.012887878860864375, 0.011332314978871081, 0.011054993814064397, 0.01109976994080676, 0.01163571710801787, 0.010522084517611397, 0.011345752721859349, 0.009933526989900403, 0.011436684884958796, 0.010437408255206214, 0.01049004060526689, 0.00976800959971216],