{"val_loss": [83.08684176206589, 78.74996989965439, 80.43652653694153, 83.35714733600616, 78.24720060825348, 80.32652813196182, 79.78419995307922, 78.40819799900055, 82.36692827939987, 80.45776212215424, 78.31674414873123, 78.20808434486389, 75.08057183027267, 75.79027098417282, 72.93518996238708, 71.45388728380203, 70.17505186796188, 67.83667713403702, 66.2456277012825, 65.45014601945877, 63.215480268001556, 59.37068611383438, 59.19118791818619, 57.786646485328674, 55.05481535196304, 53.70363259315491, 51.3060662150383, 48.36856538057327, 47.32633709907532, 48.369881957769394, 51.04937183856964, 47.1976617872715, 44.118060290813446, 44.03038349747658, 45.04353564977646, 42.2729429602623, 44.14667737483978, 41.74360108375549, 46.17271411418915, 38.03916776180267, 38.49620941281319, 37.94753584265709, 38.19567936658859, 38.627386182546616, 37.619162142276764, 37.25901573896408, 38.120713114738464, 38.0686374604702, 37.10818484425545, 35.85613486170769, 35.290445894002914, 35.718530356884, 35.898253202438354, 34.933811485767365, 37.702262461185455, 38.02423393726349, 36.05382712185383, 36.95917284488678, 34.92032152414322, 33.85718348622322, 34.630987137556076, 35.21659791469574, 32.961623549461365, 34.28539255261421, 32.27490961551666, 34.75746604800224, 33.77651560306549, 35.538471072912216, 34.44950833916664, 34.17435696721077, 32.75059908628464, 32.60635268688202, 33.72517532110214, 34.75475028157234, 33.05370855331421, 32.47712489962578, 31.197931736707687, 33.31395226716995, 32.567244082689285, 33.148804008960724, 32.43980488181114, 33.27392552793026, 34.48635494709015, 31.821807980537415, 33.57624366879463, 31.773238569498062, 32.79243063926697, 33.4261075258255, 32.31649662554264, 32.9642491042614, 32.887147694826126, 34.14751586318016, 32.64226549863815, 32.24176228046417, 33.73190414905548, 33.48401364684105, 32.6288680434227, 32.971137315034866, 33.03112667798996, 34.4762479364872], "val_mean_squared_error": [83.08684176206589, 78.74996989965439, 80.43652653694153, 83.35714733600616, 78.24720060825348, 80.32652813196182, 79.78419995307922, 78.40819799900055, 82.36692827939987, 80.45776212215424, 78.31674414873123, 78.20808434486389, 75.08057183027267, 75.79027098417282, 72.93518996238708, 71.45388728380203, 70.17505186796188, 67.83667713403702, 66.2456277012825, 65.45014601945877, 63.215480268001556, 59.37068611383438, 59.19118791818619, 57.786646485328674, 55.05481535196304, 53.70363259315491, 51.3060662150383, 48.36856538057327, 47.32633709907532, 48.369881957769394, 51.04937183856964, 47.1976617872715, 44.118060290813446, 44.03038349747658, 45.04353564977646, 42.2729429602623, 44.14667737483978, 41.74360108375549, 46.17271411418915, 38.03916776180267, 38.49620941281319, 37.94753584265709, 38.19567936658859, 38.627386182546616, 37.619162142276764, 37.25901573896408, 38.120713114738464, 38.0686374604702, 37.10818484425545, 35.85613486170769, 35.290445894002914, 35.718530356884, 35.898253202438354, 34.933811485767365, 37.702262461185455, 38.02423393726349, 36.05382712185383, 36.95917284488678, 34.92032152414322, 33.85718348622322, 34.630987137556076, 35.21659791469574, 32.961623549461365, 34.28539255261421, 32.27490961551666, 34.75746604800224, 33.77651560306549, 35.538471072912216, 34.44950833916664, 34.17435696721077, 32.75059908628464, 32.60635268688202, 33.72517532110214, 34.75475028157234, 33.05370855331421, 32.47712489962578, 31.197931736707687, 33.31395226716995, 32.567244082689285, 33.148804008960724, 32.43980488181114, 33.27392552793026, 34.48635494709015, 31.821807980537415, 33.57624366879463, 31.773238569498062, 32.79243063926697, 33.4261075258255, 32.31649662554264, 32.9642491042614, 32.887147694826126, 34.14751586318016, 32.64226549863815, 32.24176228046417, 33.73190414905548, 33.48401364684105, 32.6288680434227, 32.971137315034866, 33.03112667798996, 34.4762479364872], "loss": [87.01647610134549, 84.65013800726996, 86.55487653944228, 88.6331032647027, 84.65292612711589, 86.25636376274957, 80.5999378628201, 80.00391218397353, 84.8103764851888, 80.08381991916232, 79.73319880167644, 84.78365410698785, 73.14773220486111, 84.5336045159234, 82.88436804877387, 73.58123185899522, 73.32914733886719, 74.14889017740886, 68.90559429592557, 64.73954010009766, 63.78852293226454, 61.54513846503364, 58.92113282945421, 52.95733515421549, 51.914149814181854, 43.93813832600912, 43.19805357191298, 47.01155471801758, 39.327691819932724, 41.20113054911295, 35.768942726982964, 33.63149982028537, 28.348101086086697, 27.684301376342773, 24.39348390367296, 24.626970926920574, 22.56869676378038, 22.314924028184677, 22.501270400153267, 19.643505520290798, 14.681610213385689, 15.797762235005697, 14.544182883368599, 11.45933394961887, 10.506755828857422, 11.015954653422037, 9.855768150753445, 7.646303759680854, 8.864010863833958, 7.612587081061469, 5.959634145100911, 5.655075762006971, 5.504614035288493, 5.3188096682230634, 4.418920967313978, 4.301487392849392, 3.5448600186242, 3.531584474775526, 3.298797607421875, 2.940234343210856, 2.7541754378212824, 2.4888630178239612, 1.8506146139568753, 3.1387115319569907, 2.3613717555999756, 2.142264379395379, 2.4481856558057995, 1.8274422221713595, 1.5212021536297269, 1.488538424173991, 1.5885358783933852, 1.5110251506169636, 1.3321742349200778, 1.3471163378821478, 0.9050897293620639, 0.794040666686164, 0.926862465010749, 0.8698748681280348, 0.7821553183926476, 0.6585623919963837, 0.7082574632432725, 0.6799919572141435, 0.6819475425614251, 0.7651221421029832, 0.4487120608488719, 0.5431569417317709, 0.44783537752098507, 0.5615553392304314, 0.5997422569327884, 0.41368599236011505, 0.33761380943987107, 0.40591850380102795, 0.3101414226823383, 0.38206999335024094, 0.3633900102641847, 0.27507485532098347, 0.2437893483373854, 0.34020938558710945, 0.22634842329555088, 0.23327488203843436], "mean_squared_error": [87.01647610134549, 84.65013800726996, 86.55487653944228, 88.6331032647027, 84.65292612711589, 86.25636376274957, 80.5999378628201, 80.00391218397353, 84.8103764851888, 80.08381991916232, 79.73319880167644, 84.78365410698785, 73.14773220486111, 84.5336045159234, 82.88436804877387, 73.58123185899522, 73.32914733886719, 74.14889017740886, 68.90559429592557, 64.73954010009766, 63.78852293226454, 61.54513846503364, 58.92113282945421, 52.95733515421549, 51.914149814181854, 43.93813832600912, 43.19805357191298, 47.01155471801758, 39.327691819932724, 41.20113054911295, 35.768942726982964, 33.63149982028537, 28.348101086086697, 27.684301376342773, 24.39348390367296, 24.626970926920574, 22.56869676378038, 22.314924028184677, 22.501270400153267, 19.643505520290798, 14.681610213385689, 15.797762235005697, 14.544182883368599, 11.45933394961887, 10.506755828857422, 11.015954653422037, 9.855768150753445, 7.646303759680854, 8.864010863833958, 7.612587081061469, 5.959634145100911, 5.655075762006971, 5.504614035288493, 5.3188096682230634, 4.418920967313978, 4.301487392849392, 3.5448600186242, 3.531584474775526, 3.298797607421875, 2.940234343210856, 2.7541754378212824, 2.4888630178239612, 1.8506146139568753, 3.1387115319569907, 2.3613717555999756, 2.142264379395379, 2.4481856558057995, 1.8274422221713595, 1.5212021536297269, 1.488538424173991, 1.5885358783933852, 1.5110251506169636, 1.3321742349200778, 1.3471163378821478, 0.9050897293620639, 0.794040666686164, 0.926862465010749, 0.8698748681280348, 0.7821553183926476, 0.6585623919963837, 0.7082574632432725, 0.6799919572141435, 0.6819475425614251, 0.7651221421029832, 0.4487120608488719, 0.5431569417317709, 0.44783537752098507, 0.5615553392304314, 0.5997422569327884, 0.41368599236011505, 0.33761380943987107, 0.40591850380102795, 0.3101414226823383, 0.38206999335024094, 0.3633900102641847, 0.27507485532098347, 0.2437893483373854, 0.34020938558710945, 0.22634842329555088, 0.23327488203843436]}