{"val_loss": [19.15838447213173, 20.56234899163246, 18.696975208818913, 18.59298348426819, 18.363993167877197, 19.094482712447643, 20.060037776827812, 19.267388090491295, 19.776209771633148, 18.093845166265965, 19.425652369856834, 18.12972803413868, 18.91093458980322, 17.390252754092216, 16.33016113191843, 18.80792610347271, 18.012504555284977, 18.123279824852943, 16.24832932651043, 17.713046208024025, 17.425131104886532, 16.953999809920788, 16.638420023024082, 16.391997382044792, 15.781865321099758, 15.86426543444395, 17.052308723330498, 16.13136389106512, 16.005562104284763, 16.84244655072689, 16.94880424439907, 17.876169629395008, 16.558499969542027, 17.628775022923946, 17.737077727913857, 16.162409834563732, 16.022874675691128, 13.225811555981636, 13.169082827866077, 12.944245375692844, 11.269984044134617, 12.125751182436943, 10.686767660081387, 9.566004805266857, 9.785261407494545, 9.031594529747963, 8.769682809710503, 10.731001049280167, 11.55841339379549, 12.659356243908405, 8.770182885229588, 7.044195644557476, 6.960789557546377, 7.572077240794897, 6.363903172314167, 6.364690225571394, 5.597780864685774, 6.192638631910086, 6.70561695471406, 5.47563173994422, 7.507665194571018, 5.498574141412973, 4.9174964427948, 4.68403011187911, 4.654821243137121, 4.782674387097359, 4.606457002460957, 4.628178488463163, 4.600483128800988, 4.75118812918663, 4.458391048014164, 4.424835164099932, 4.525240816175938, 4.387209694832563, 4.286804225295782, 4.428996320813894, 4.384548168629408, 4.173287451267242, 4.236176375299692, 4.390546526759863, 4.435582652688026, 4.420132327824831, 4.5796514973044395, 4.543977182358503, 4.335056370124221, 4.5194141790270805, 4.129755482077599, 4.230084611102939, 4.181058466434479, 4.31461825221777, 4.3263547122478485, 4.422368701547384, 4.537975821644068, 4.674053430557251, 4.483798384666443, 4.361083425581455, 4.399653546512127, 4.157492280006409, 3.7680809386074543, 4.5169728472828865], "val_mean_squared_error": [19.15838447213173, 20.56234899163246, 18.696975208818913, 18.59298348426819, 18.363993167877197, 19.094482712447643, 20.060037776827812, 19.267388090491295, 19.776209771633148, 18.093845166265965, 19.425652369856834, 18.12972803413868, 18.91093458980322, 17.390252754092216, 16.33016113191843, 18.80792610347271, 18.012504555284977, 18.123279824852943, 16.24832932651043, 17.713046208024025, 17.425131104886532, 16.953999809920788, 16.638420023024082, 16.391997382044792, 15.781865321099758, 15.86426543444395, 17.052308723330498, 16.13136389106512, 16.005562104284763, 16.84244655072689, 16.94880424439907, 17.876169629395008, 16.558499969542027, 17.628775022923946, 17.737077727913857, 16.162409834563732, 16.022874675691128, 13.225811555981636, 13.169082827866077, 12.944245375692844, 11.269984044134617, 12.125751182436943, 10.686767660081387, 9.566004805266857, 9.785261407494545, 9.031594529747963, 8.769682809710503, 10.731001049280167, 11.55841339379549, 12.659356243908405, 8.770182885229588, 7.044195644557476, 6.960789557546377, 7.572077240794897, 6.363903172314167, 6.364690225571394, 5.597780864685774, 6.192638631910086, 6.70561695471406, 5.47563173994422, 7.507665194571018, 5.498574141412973, 4.9174964427948, 4.68403011187911, 4.654821243137121, 4.782674387097359, 4.606457002460957, 4.628178488463163, 4.600483128800988, 4.75118812918663, 4.458391048014164, 4.424835164099932, 4.525240816175938, 4.387209694832563, 4.286804225295782, 4.428996320813894, 4.384548168629408, 4.173287451267242, 4.236176375299692, 4.390546526759863, 4.435582652688026, 4.420132327824831, 4.5796514973044395, 4.543977182358503, 4.335056370124221, 4.5194141790270805, 4.129755482077599, 4.230084611102939, 4.181058466434479, 4.31461825221777, 4.3263547122478485, 4.422368701547384, 4.537975821644068, 4.674053430557251, 4.483798384666443, 4.361083425581455, 4.399653546512127, 4.157492280006409, 3.7680809386074543, 4.5169728472828865], "loss": [18.89111116197374, 12.963609377543131, 16.581719610426163, 12.30399481455485, 11.212400171491835, 10.902179347144234, 11.377750025855171, 12.414124064975315, 11.254605717129177, 16.060114330715603, 13.5687288708157, 12.912535932328966, 14.619485961066353, 14.75545326868693, 15.159200032552084, 12.69964207543267, 11.39284054438273, 14.560098383161757, 12.825142595503065, 11.715333647198147, 12.230585787031385, 12.465330812666151, 13.963854047987196, 12.247455384996202, 10.674611621432835, 12.996253437466091, 10.639157401190865, 11.40303299162123, 15.92285590701633, 10.74004316329956, 12.262192143334282, 14.586866484747993, 12.655635091993544, 10.303609636094835, 10.382358762953016, 10.0744186507331, 12.773588922288683, 12.429808404710558, 8.936121145884195, 8.953697734408909, 9.059348212348091, 7.159207079145643, 9.285354985131157, 6.472022692362468, 7.307964218987359, 4.419469859864977, 5.497354560428196, 6.4333747492896185, 8.004348887337578, 6.8793026606241865, 5.775698079003228, 4.05665029419793, 4.2148608631557885, 3.0255110263824463, 2.4183715052074857, 2.4193251927693686, 2.023986405796475, 1.5718882613711886, 2.347525848282708, 2.43028461933136, 1.9653119113710191, 1.6173648171954684, 1.116101622581482, 0.8270086314943101, 0.7311726344956292, 0.6283830371167924, 0.44149630930688644, 0.4748155110412174, 0.44102447893884444, 0.36029043131404453, 0.31889354354805416, 0.23755801055166456, 0.25257818897565204, 0.21946749753422207, 0.17820357200172213, 0.2128172583050198, 0.14398476812574598, 0.16260486178927952, 0.12406501587894228, 0.10341017113791572, 0.11209607786602444, 0.11493274652295643, 0.07662654461132155, 0.07955076255732113, 0.06753979788886176, 0.07726321265929276, 0.061547334823343486, 0.04688151222136286, 0.04843643700910939, 0.034860859314600624, 0.04987233070035776, 0.03784404964082771, 0.04742468044989639, 0.028022721720238526, 0.043620858444935746, 0.039744519318143524, 0.051025490276515484, 0.034420407480663724, 0.0273325950321224, 0.027690586530499987], "mean_squared_error": [18.89111116197374, 12.963609377543131, 16.581719610426163, 12.30399481455485, 11.212400171491835, 10.902179347144234, 11.377750025855171, 12.414124064975315, 11.254605717129177, 16.060114330715603, 13.5687288708157, 12.912535932328966, 14.619485961066353, 14.75545326868693, 15.159200032552084, 12.69964207543267, 11.39284054438273, 14.560098383161757, 12.825142595503065, 11.715333647198147, 12.230585787031385, 12.465330812666151, 13.963854047987196, 12.247455384996202, 10.674611621432835, 12.996253437466091, 10.639157401190865, 11.40303299162123, 15.92285590701633, 10.74004316329956, 12.262192143334282, 14.586866484747993, 12.655635091993544, 10.303609636094835, 10.382358762953016, 10.0744186507331, 12.773588922288683, 12.429808404710558, 8.936121145884195, 8.953697734408909, 9.059348212348091, 7.159207079145643, 9.285354985131157, 6.472022692362468, 7.307964218987359, 4.419469859864977, 5.497354560428196, 6.4333747492896185, 8.004348887337578, 6.8793026606241865, 5.775698079003228, 4.05665029419793, 4.2148608631557885, 3.0255110263824463, 2.4183715052074857, 2.4193251927693686, 2.023986405796475, 1.5718882613711886, 2.347525848282708, 2.43028461933136, 1.9653119113710191, 1.6173648171954684, 1.116101622581482, 0.8270086314943101, 0.7311726344956292, 0.6283830371167924, 0.44149630930688644, 0.4748155110412174, 0.44102447893884444, 0.36029043131404453, 0.31889354354805416, 0.23755801055166456, 0.25257818897565204, 0.21946749753422207, 0.17820357200172213, 0.2128172583050198, 0.14398476812574598, 0.16260486178927952, 0.12406501587894228, 0.10341017113791572, 0.11209607786602444, 0.11493274652295643, 0.07662654461132155, 0.07955076255732113, 0.06753979788886176, 0.07726321265929276, 0.061547334823343486, 0.04688151222136286, 0.04843643700910939, 0.034860859314600624, 0.04987233070035776, 0.03784404964082771, 0.04742468044989639, 0.028022721720238526, 0.043620858444935746, 0.039744519318143524, 0.051025490276515484, 0.034420407480663724, 0.0273325950321224, 0.027690586530499987]}