{"val_loss": [0.04849854594795033, 0.014822102370089851, 0.012481999743613414, 0.011956237271078862, 0.012509495674748905, 0.011970569772529416, 0.012199880424304865, 0.011885556523338892, 0.01230833369481843, 0.01288577432569582, 0.011997012596111745, 0.011298710902337916, 0.011521945110871457, 0.011166765674715862, 0.011121010327769909, 0.010623851041600574, 0.010647577466443181, 0.011144251460791565, 0.011071790533605963, 0.011369328000000678, 0.011584370324271731, 0.011867385794175789, 0.011830029216071125, 0.011187614829395898, 0.011170848920301069, 0.011752428108593449, 0.011926680250326172, 0.011330087363603525, 0.0100731849524891, 0.01095371341216378, 0.01022151751385536, 0.010903849746682681, 0.011118776455987245, 0.010938614599581342, 0.011648953644908033, 0.011461750764283352, 0.01278736641688738, 0.010739120472862851, 0.010830518695001956, 0.010775115886644926, 0.010897290252614766, 0.010710504939197563, 0.011568013796932064, 0.011404324890463613, 0.010227302977000363, 0.010639371284923982, 0.010888963850447908, 0.010293739789631218, 0.012229980420670472, 0.010567957091552671, 0.010171412883209996, 0.011219656575121917, 0.010118917765794322, 0.009728127399284858, 0.010159104502236005, 0.010316018917365, 0.011167125208885409, 0.010786774539155886, 0.010856020235223696, 0.010092983429785818, 0.009824198481510393, 0.01020359529502457, 0.010601420523016714, 0.010969527254928835, 0.013356859475607052, 0.011344967730110511, 0.011702957664965652, 0.010785090365970973, 0.010745941224740818, 0.01020390614576172, 0.009882850368740037, 0.010632465360686183, 0.010092054573760834, 0.009991221500968095, 0.015544027861324139, 0.010611012767185457, 0.010705292617785744, 0.0100777735497104, 0.009590353722160216, 0.011189786426257342, 0.010720709469751455, 0.010178955781157129, 0.009929143765475601, 0.009621615587093402, 0.01013702961790841, 0.009407262354216073, 0.010130175243830308, 0.011756310574128293, 0.009743867347424384, 0.010791075299493968, 0.010038562308182009, 0.010069416915939655, 0.011696642235619947, 0.013054760784143582, 0.01037254339462379, 0.00933867213461781, 0.009786542461370118, 0.00977506443450693, 0.012643688402022235, 0.009937227063346654], "val_mean_squared_error": [0.04849854594795033, 0.014822102370089851, 0.012481999743613414, 0.011956237271078862, 0.012509495674748905, 0.011970569772529416, 0.012199880424304865, 0.011885556523338892, 0.01230833369481843, 0.01288577432569582, 0.011997012596111745, 0.011298710902337916, 0.011521945110871457, 0.011166765674715862, 0.011121010327769909, 0.010623851041600574, 0.010647577466443181, 0.011144251460791565, 0.011071790533605963, 0.011369328000000678, 0.011584370324271731, 0.011867385794175789, 0.011830029216071125, 0.011187614829395898, 0.011170848920301069, 0.011752428108593449, 0.011926680250326172, 0.011330087363603525, 0.0100731849524891, 0.01095371341216378, 0.01022151751385536, 0.010903849746682681, 0.011118776455987245, 0.010938614599581342, 0.011648953644908033, 0.011461750764283352, 0.01278736641688738, 0.010739120472862851, 0.010830518695001956, 0.010775115886644926, 0.010897290252614766, 0.010710504939197563, 0.011568013796932064, 0.011404324890463613, 0.010227302977000363, 0.010639371284923982, 0.010888963850447908, 0.010293739789631218, 0.012229980420670472, 0.010567957091552671, 0.010171412883209996, 0.011219656575121917, 0.010118917765794322, 0.009728127399284858, 0.010159104502236005, 0.010316018917365, 0.011167125208885409, 0.010786774539155886, 0.010856020235223696, 0.010092983429785818, 0.009824198481510393, 0.01020359529502457, 0.010601420523016714, 0.010969527254928835, 0.013356859475607052, 0.011344967730110511, 0.011702957664965652, 0.010785090365970973, 0.010745941224740818, 0.01020390614576172, 0.009882850368740037, 0.010632465360686183, 0.010092054573760834, 0.009991221500968095, 0.015544027861324139, 0.010611012767185457, 0.010705292617785744, 0.0100777735497104, 0.009590353722160216, 0.011189786426257342, 0.010720709469751455, 0.010178955781157129, 0.009929143765475601, 0.009621615587093402, 0.01013702961790841, 0.009407262354216073, 0.010130175243830308, 0.011756310574128293, 0.009743867347424384, 0.010791075299493968, 0.010038562308182009, 0.010069416915939655, 0.011696642235619947, 0.013054760784143582, 0.01037254339462379, 0.00933867213461781, 0.009786542461370118, 0.00977506443450693, 0.012643688402022235, 0.009937227063346654], "loss": [0.5438984057141675, 0.02742641760657231, 0.015525868472953638, 0.013898950897985034, 0.012659081257879734, 0.01296460142152177, 0.012176383286714554, 0.012448824114269681, 0.012852340212298764, 0.011667576825453175, 0.01254272885206673, 0.012095872002343336, 0.01228006360017591, 0.011103417310449813, 0.011200619654523002, 0.011309983312255807, 0.011050742119550705, 0.011229213741090562, 0.012043654401269224, 0.011537681644161543, 0.011865525816877684, 0.012983934125966497, 0.012143416537178887, 0.012224654460118877, 0.011322107683453295, 0.013162610431512197, 0.011958371744387679, 0.012726352757049931, 0.012395343432823816, 0.011195261341830095, 0.011466783471405506, 0.011690965853631496, 0.012471081378559271, 0.01333865678558747, 0.012573251500725746, 0.01378944588618146, 0.013410077637268437, 0.011980813617507616, 0.011934530300398668, 0.012445498257875443, 0.011834526331060462, 0.011142135908206304, 0.013084350671205256, 0.013198367837402556, 0.013683532468146749, 0.012689321612318357, 0.012200058851804998, 0.012779296789732244, 0.012499084282252524, 0.011432994053595595, 0.011830086405906413, 0.011541002636982335, 0.01164300429324309, 0.011041816427475877, 0.01112814847793844, 0.012124915400313007, 0.012403532966143556, 0.011642871321075492, 0.011352501602636443, 0.011823912668559287, 0.01139909422232045, 0.010624664111269845, 0.011108121420774195, 0.011948311597936682, 0.012209857607053386, 0.012413843638367124, 0.011116046975884173, 0.011642890671888987, 0.01118374615907669, 0.011320742778480053, 0.010693771247234609, 0.012018307319117917, 0.011832461485432254, 0.011993536415199438, 0.01348868716094229, 0.01345565573622783, 0.013146060104999278, 0.011911521148350503, 0.011801307089626789, 0.011625165430208048, 0.011233902018931177, 0.01094776795556148, 0.009620663192537095, 0.010750460024509165, 0.011756598638991514, 0.010728866896695562, 0.011151179981728395, 0.011154018652935823, 0.01017304261525472, 0.01105969264689419, 0.011928798113432195, 0.011241123597655032, 0.01208798225141234, 0.012450479695366489, 0.013208583928644657, 0.010585998909340965, 0.011164113154841794, 0.010493759272827042, 0.012122357367641397, 0.011146019316381879],