{"val_loss": [0.10912066360469908, 0.07184420444536954, 0.060104911506641656, 0.05580330197699368, 0.055073317082133144, 0.05293395451735705, 0.05091709684347734, 0.050374760874547064, 0.051250882883323357, 0.053591541945934296, 0.04931901203235611, 0.05329830985283479, 0.053000023355707526, 0.05205166555242613, 0.04902051074896008, 0.053948362823575735, 0.05254298463114537, 0.05119597242446616, 0.04885969194583595, 0.05203906528186053, 0.05105720605934039, 0.05021838250104338, 0.05115308368112892, 0.049218021682463586, 0.05040118272881955, 0.04927635460626334, 0.04830639564897865, 0.049853983451612294, 0.04737001156900078, 0.0497880537295714, 0.05041004024678841, 0.0461759720928967, 0.04726894915802404, 0.04936857841676101, 0.046691425261087716, 0.049954630667343736, 0.046786852937657386, 0.04684856493258849, 0.04550628148717806, 0.04965708579402417, 0.04843856522347778, 0.04888654185924679, 0.0478282023104839, 0.04524205828784034, 0.04689594532828778, 0.049265900161117315, 0.04716662992723286, 0.0520422228728421, 0.04639793650130741, 0.045119882677681744, 0.04482590302359313, 0.046729014720767736, 0.05271056422498077, 0.04654648224823177, 0.047197934763971716, 0.04443201515823603, 0.050209445995278656, 0.04858675075229257, 0.045715749787632376, 0.04835193941835314, 0.04471186362206936, 0.045237902260851115, 0.04864895186619833, 0.04527219961164519, 0.04623731382889673, 0.04994769592303783, 0.04453975718934089, 0.042424574989126995, 0.04209912719670683, 0.04551735881250352, 0.04314938691095449, 0.047441861883271486, 0.04349278484005481, 0.04346098308451474, 0.04349155121599324, 0.042639290215447545, 0.044639761617872864, 0.03869957831921056, 0.0426356898387894, 0.04531302128452808, 0.044667945068795234, 0.04221922910073772, 0.044355547113809735, 0.0421508033759892, 0.03902225606725551, 0.04166105476906523, 0.039019699703203514, 0.04135885491268709, 0.04065342107787728, 0.04198318358976394, 0.039645334269152954, 0.04159820469794795, 0.04234229901339859, 0.04136860155267641, 0.04064032947644591, 0.04109057947061956, 0.04234973856364377, 0.0417504709912464, 0.04077214509015903, 0.0398223667871207], "val_mean_squared_error": [0.10912066360469908, 0.07184420444536954, 0.060104911506641656, 0.05580330197699368, 0.055073317082133144, 0.05293395451735705, 0.05091709684347734, 0.050374760874547064, 0.051250882883323357, 0.053591541945934296, 0.04931901203235611, 0.05329830985283479, 0.053000023355707526, 0.05205166555242613, 0.04902051074896008, 0.053948362823575735, 0.05254298463114537, 0.05119597242446616, 0.04885969194583595, 0.05203906528186053, 0.05105720605934039, 0.05021838250104338, 0.05115308368112892, 0.049218021682463586, 0.05040118272881955, 0.04927635460626334, 0.04830639564897865, 0.049853983451612294, 0.04737001156900078, 0.0497880537295714, 0.05041004024678841, 0.0461759720928967, 0.04726894915802404, 0.04936857841676101, 0.046691425261087716, 0.049954630667343736, 0.046786852937657386, 0.04684856493258849, 0.04550628148717806, 0.04965708579402417, 0.04843856522347778, 0.04888654185924679, 0.0478282023104839, 0.04524205828784034, 0.04689594532828778, 0.049265900161117315, 0.04716662992723286, 0.0520422228728421, 0.04639793650130741, 0.045119882677681744, 0.04482590302359313, 0.046729014720767736, 0.05271056422498077, 0.04654648224823177, 0.047197934763971716, 0.04443201515823603, 0.050209445995278656, 0.04858675075229257, 0.045715749787632376, 0.04835193941835314, 0.04471186362206936, 0.045237902260851115, 0.04864895186619833, 0.04527219961164519, 0.04623731382889673, 0.04994769592303783, 0.04453975718934089, 0.042424574989126995, 0.04209912719670683, 0.04551735881250352, 0.04314938691095449, 0.047441861883271486, 0.04349278484005481, 0.04346098308451474, 0.04349155121599324, 0.042639290215447545, 0.044639761617872864, 0.03869957831921056, 0.0426356898387894, 0.04531302128452808, 0.044667945068795234, 0.04221922910073772, 0.044355547113809735, 0.0421508033759892, 0.03902225606725551, 0.04166105476906523, 0.039019699703203514, 0.04135885491268709, 0.04065342107787728, 0.04198318358976394, 0.039645334269152954, 0.04159820469794795, 0.04234229901339859, 0.04136860155267641, 0.04064032947644591, 0.04109057947061956, 0.04234973856364377, 0.0417504709912464, 0.04077214509015903, 0.0398223667871207], "loss": [5.1635372721486625, 0.09419686181677712, 0.06529689580202103, 0.060986682772636414, 0.0594280180003908, 0.05927978911333614, 0.05953955236408445, 0.05617325835757785, 0.0602211058139801, 0.0568599398765299, 0.05776432736052407, 0.0550493308239513, 0.056533450467718974, 0.05290771689679888, 0.05624741978115506, 0.05552286778887113, 0.061035925729407206, 0.05475319425264994, 0.054252111663421, 0.05476305509606997, 0.055005782594283424, 0.054104548361566335, 0.05119238876634174, 0.05230390321877268, 0.0545854734049903, 0.052449380771981344, 0.04816365324788623, 0.05194652866986063, 0.053286236193445, 0.04879176906413502, 0.052021843277745776, 0.05143805510467953, 0.050511777814891606, 0.04954883580406507, 0.04788202295700709, 0.04572984534833166, 0.047452051606443196, 0.04428821181257566, 0.046338500248061285, 0.043305681397517524, 0.051421965575880475, 0.04715877233280076, 0.04517419512073199, 0.04640049156215456, 0.04070907996760474, 0.04393226446376906, 0.04446511798434787, 0.04390764691763454, 0.04591257083747122, 0.04448067976368798, 0.04250156299935447, 0.04318505691157447, 0.04178071518739065, 0.043514600644508995, 0.03665768769052294, 0.04148717721303304, 0.04014646386106809, 0.040302337457736336, 0.03735180633763472, 0.0385712223748366, 0.037942472017473645, 0.03619370940658781, 0.03774552626742257, 0.03580545840991868, 0.03835826532708274, 0.04014608636498451, 0.03388363950782352, 0.034452556115057736, 0.03093785647716787, 0.0325056335164441, 0.02926361271076732, 0.03247049699227015, 0.032287211467822395, 0.030164928485949833, 0.02583813274072276, 0.028907431289553642, 0.02830600883397791, 0.029324878835015826, 0.026486273027128644, 0.026376027199957106, 0.027486601430508826, 0.029875557248791058, 0.02849493237833182, 0.026751662087109353, 0.026389246185620625, 0.023561945598986413, 0.024823025489846866, 0.02375715184542868, 0.023007048707869317, 0.022787330879105464, 0.02179405838251114, 0.02325172618859344, 0.02249508226911227, 0.022003484475943778, 0.021790987501541775, 0.02019182737502787, 0.02375437795288033, 0.021026729916532833, 0.021403242316510942, 0.020168374809953902],