{"val_loss": [0.12818747921846807, 0.05586131796007976, 0.033519127347972244, 0.03239835216663778, 0.03251114281010814, 0.032592878356808797, 0.030850171140627936, 0.030959163792431355, 0.029855833301553503, 0.03165138399344869, 0.030825561902020127, 0.030686277255881578, 0.02879950508940965, 0.029485410079360008, 0.029969605442602187, 0.02941532459226437, 0.029798138100886717, 0.02947826008312404, 0.028995319589739665, 0.027195607603061944, 0.028571908798767254, 0.027451753296190873, 0.027222283300943673, 0.02730517872259952, 0.028409709746483713, 0.027802103490103036, 0.028655919595621526, 0.0274353836721275, 0.02859454447752796, 0.027544868673430756, 0.02831519884057343, 0.02652602575835772, 0.02927324635675177, 0.026968897000188008, 0.026833445066586137, 0.028481858636951074, 0.0264997145277448, 0.027102991385618225, 0.025512987427646294, 0.026239603059366345, 0.02543198619969189, 0.025838243920588866, 0.025182164332363755, 0.02525587732088752, 0.02686132403323427, 0.025128100969595835, 0.02540628070710227, 0.025761425291420892, 0.025542471936205402, 0.02615105008590035, 0.02472606356604956, 0.02541926031699404, 0.025961516017559916, 0.02503779123071581, 0.025567312201019377, 0.02570266355178319, 0.02536630746908486, 0.024502612999640405, 0.027541303308680654, 0.024398819485213608, 0.02632992502185516, 0.025507453741738573, 0.026384683849755675, 0.02504819873138331, 0.030365278071258217, 0.023757899238262326, 0.02567623625509441, 0.026142891554627568, 0.023954766656970605, 0.025002581998705864, 0.02312741040077526, 0.026998185989214107, 0.024486808571964502, 0.02510490608983673, 0.02776316666859202, 0.025566772354068235, 0.025559884757967666, 0.023825160693377256, 0.02427552457083948, 0.024186718510463834, 0.02370013133622706, 0.024398250476224348, 0.02490806221612729, 0.023463046440156177, 0.02376275826827623, 0.023560582791105844, 0.024892814020859078, 0.025099455058807507, 0.023030782307614572, 0.024600302567705512, 0.02445200880174525, 0.024346688122022897, 0.023216083020088263, 0.027739392302464694, 0.023165014921687543, 0.024396952212555334, 0.02359413748490624, 0.02784057322423905, 0.025490137486485764, 0.02431927912402898], "val_mean_squared_error": [0.12818747921846807, 0.05586131796007976, 0.033519127347972244, 0.03239835216663778, 0.03251114281010814, 0.032592878356808797, 0.030850171140627936, 0.030959163792431355, 0.029855833301553503, 0.03165138399344869, 0.030825561902020127, 0.030686277255881578, 0.02879950508940965, 0.029485410079360008, 0.029969605442602187, 0.02941532459226437, 0.029798138100886717, 0.02947826008312404, 0.028995319589739665, 0.027195607603061944, 0.028571908798767254, 0.027451753296190873, 0.027222283300943673, 0.02730517872259952, 0.028409709746483713, 0.027802103490103036, 0.028655919595621526, 0.0274353836721275, 0.02859454447752796, 0.027544868673430756, 0.02831519884057343, 0.02652602575835772, 0.02927324635675177, 0.026968897000188008, 0.026833445066586137, 0.028481858636951074, 0.0264997145277448, 0.027102991385618225, 0.025512987427646294, 0.026239603059366345, 0.02543198619969189, 0.025838243920588866, 0.025182164332363755, 0.02525587732088752, 0.02686132403323427, 0.025128100969595835, 0.02540628070710227, 0.025761425291420892, 0.025542471936205402, 0.02615105008590035, 0.02472606356604956, 0.02541926031699404, 0.025961516017559916, 0.02503779123071581, 0.025567312201019377, 0.02570266355178319, 0.02536630746908486, 0.024502612999640405, 0.027541303308680654, 0.024398819485213608, 0.02632992502185516, 0.025507453741738573, 0.026384683849755675, 0.02504819873138331, 0.030365278071258217, 0.023757899238262326, 0.02567623625509441, 0.026142891554627568, 0.023954766656970605, 0.025002581998705864, 0.02312741040077526, 0.026998185989214107, 0.024486808571964502, 0.02510490608983673, 0.02776316666859202, 0.025566772354068235, 0.025559884757967666, 0.023825160693377256, 0.02427552457083948, 0.024186718510463834, 0.02370013133622706, 0.024398250476224348, 0.02490806221612729, 0.023463046440156177, 0.02376275826827623, 0.023560582791105844, 0.024892814020859078, 0.025099455058807507, 0.023030782307614572, 0.024600302567705512, 0.02445200880174525, 0.024346688122022897, 0.023216083020088263, 0.027739392302464694, 0.023165014921687543, 0.024396952212555334, 0.02359413748490624, 0.02784057322423905, 0.025490137486485764, 0.02431927912402898], "loss": [4.884606522818406, 0.07861166406008932, 0.040988530963659286, 0.03299050509101815, 0.029022580426600244, 0.02808198829491933, 0.02746241870853636, 0.030036831067668066, 0.026750146721800167, 0.024823265771071117, 0.027985469955537055, 0.02524617314338684, 0.02677283643020524, 0.025440424887670413, 0.024662006025513012, 0.025334194095598325, 0.024840075729621783, 0.025215498896108732, 0.026014279367195234, 0.02548695562614335, 0.025449336195985477, 0.02572710874179999, 0.02254359879427486, 0.02436854959362083, 0.024101053675015766, 0.02305521960887644, 0.022431327857904963, 0.024119750286142033, 0.023957153368327353, 0.025185166133774653, 0.024728580688436825, 0.023228248581290245, 0.02176987214220895, 0.025409141555428505, 0.02441163609425227, 0.022262955498364236, 0.023223852531777486, 0.022627728887730174, 0.020918615369333163, 0.021929342713620927, 0.022177513481842145, 0.021483100743757352, 0.020719078472918935, 0.020652119277252093, 0.019005131390359666, 0.019677917369537883, 0.019321211096313264, 0.01945297916730245, 0.017766093007392354, 0.019510926989217598, 0.019532966530985303, 0.019403051481478743, 0.01804163617392381, 0.019596939699517354, 0.01841689780768421, 0.016936065525644355, 0.01732811631841792, 0.018076125532388687, 0.018752667121589184, 0.01789469292594327, 0.018927583367460303, 0.01808198086089558, 0.0200627019835843, 0.018404391076829698, 0.018542182424830064, 0.018498430028557777, 0.018801106553938653, 0.016951939194566674, 0.0164375648730331, 0.016576959751546383, 0.01699578006648355, 0.01590225576526589, 0.016010287010835275, 0.015577120602958731, 0.01453013780216376, 0.018028921861615445, 0.01572760846465826, 0.015009596426453855, 0.014622738998797204, 0.015723368670377467, 0.015542550529870722, 0.014524771728449397, 0.014987361513906054, 0.014789727412992053, 0.016038139143751726, 0.014309750352468755, 0.012760505597624514, 0.014181512407958508, 0.012802735281487307, 0.013643458382123046, 0.01359626826726728, 0.013577800968454944, 0.01251451371030675, 0.015522838777138127, 0.014046011285649406, 0.012717479322519567, 0.013688361582656702, 0.013757367618381977, 0.013169082502524057, 0.013888728908366628],