{"val_loss": [37.432293087244034, 35.66571947932243, 37.31966316699982, 36.25848135352135, 35.34157311916351, 35.15711963176727, 37.56753671169281, 36.63740116357803, 35.97612011432648, 36.396189868450165, 35.63193103671074, 36.32485696673393, 36.04288402199745, 36.617098689079285, 38.04046040773392, 35.162124276161194, 35.49446940422058, 35.341140270233154, 36.95568683743477, 34.88195672631264, 36.13015905022621, 35.887199968099594, 36.09715807437897, 35.84607174992561, 36.263463854789734, 35.716620326042175, 37.653277575969696, 35.48256728053093, 35.42082080245018, 36.537517845630646, 36.020187228918076, 36.60449171066284, 36.95879369974136, 36.26875326037407, 35.19770967960358, 36.46870759129524, 36.53747737407684, 35.31896808743477, 35.624355524778366, 35.48774480819702, 35.41447561979294, 35.62861070036888, 36.21087005734444, 33.7664677798748, 36.57006856799126, 36.195611119270325, 35.63812765479088, 36.80432763695717, 35.63378086686134, 35.71413227915764, 36.321537762880325, 36.61699837446213, 35.62615221738815, 35.75345081090927, 35.00428429245949, 38.25010910630226, 35.74884223937988, 35.021357625722885, 34.311174929142, 35.03086006641388, 37.1774323284626, 35.3567855656147, 35.234126061201096, 36.18460702896118, 35.241245090961456, 35.71328854560852, 35.01562508940697, 34.620762676000595, 35.42083612084389, 35.81448110938072, 35.395269840955734, 36.89621511101723, 36.79345580935478, 34.40895313024521, 37.70153746008873, 36.82933846116066, 36.40809220075607, 34.916474640369415, 36.856648564338684, 36.98306143283844, 35.807365745306015, 36.41138768196106, 35.82270458340645, 35.09624630212784, 35.971597731113434, 36.62532335519791, 38.09316495060921, 36.14488470554352, 36.46029129624367, 36.349939465522766, 37.13553538918495, 36.23875638842583, 35.38212236762047, 36.42264902591705, 35.90200048685074, 35.18750482797623, 35.9992558658123, 35.93808791041374, 36.720243126153946, 34.61602711677551], "val_mean_squared_error": [37.432293087244034, 35.66571947932243, 37.31966316699982, 36.25848135352135, 35.34157311916351, 35.15711963176727, 37.56753671169281, 36.63740116357803, 35.97612011432648, 36.396189868450165, 35.63193103671074, 36.32485696673393, 36.04288402199745, 36.617098689079285, 38.04046040773392, 35.162124276161194, 35.49446940422058, 35.341140270233154, 36.95568683743477, 34.88195672631264, 36.13015905022621, 35.887199968099594, 36.09715807437897, 35.84607174992561, 36.263463854789734, 35.716620326042175, 37.653277575969696, 35.48256728053093, 35.42082080245018, 36.537517845630646, 36.020187228918076, 36.60449171066284, 36.95879369974136, 36.26875326037407, 35.19770967960358, 36.46870759129524, 36.53747737407684, 35.31896808743477, 35.624355524778366, 35.48774480819702, 35.41447561979294, 35.62861070036888, 36.21087005734444, 33.7664677798748, 36.57006856799126, 36.195611119270325, 35.63812765479088, 36.80432763695717, 35.63378086686134, 35.71413227915764, 36.321537762880325, 36.61699837446213, 35.62615221738815, 35.75345081090927, 35.00428429245949, 38.25010910630226, 35.74884223937988, 35.021357625722885, 34.311174929142, 35.03086006641388, 37.1774323284626, 35.3567855656147, 35.234126061201096, 36.18460702896118, 35.241245090961456, 35.71328854560852, 35.01562508940697, 34.620762676000595, 35.42083612084389, 35.81448110938072, 35.395269840955734, 36.89621511101723, 36.79345580935478, 34.40895313024521, 37.70153746008873, 36.82933846116066, 36.40809220075607, 34.916474640369415, 36.856648564338684, 36.98306143283844, 35.807365745306015, 36.41138768196106, 35.82270458340645, 35.09624630212784, 35.971597731113434, 36.62532335519791, 38.09316495060921, 36.14488470554352, 36.46029129624367, 36.349939465522766, 37.13553538918495, 36.23875638842583, 35.38212236762047, 36.42264902591705, 35.90200048685074, 35.18750482797623, 35.9992558658123, 35.93808791041374, 36.720243126153946, 34.61602711677551], "loss": [102.85485055711534, 33.77822176615397, 32.79751184251573, 34.73218324449327, 33.74580552842882, 35.27984216478136, 34.48479249742296, 34.127893659803604, 33.74358579847548, 38.166830698649086, 34.533555560641815, 32.71176846822103, 36.057112799750435, 33.2971199883355, 37.02305030822754, 32.107608795166016, 31.19460063510471, 35.85439915127225, 38.39309607611762, 36.2072508070204, 34.448748694525825, 34.85138087802463, 32.932324727376304, 34.61598141988119, 35.62340905931261, 34.83091735839844, 33.32029596964518, 32.23536046346029, 32.52297486199273, 33.86844571431478, 34.11426544189453, 35.2672496371799, 31.807028664482964, 35.07249408298068, 38.77311579386393, 35.50431103176541, 33.40637397766113, 32.35222625732422, 34.27922015719943, 34.298462337917755, 34.99635442097982, 36.11187765333388, 33.80491744147407, 33.566732830471466, 34.839021258884, 35.032809787326386, 33.47804938422309, 31.787208557128906, 34.82956865098741, 33.4048286014133, 35.69210222032335, 33.90022447374132, 34.34242206149631, 35.44790077209473, 35.40836885240343, 36.09935548570421, 33.95408058166504, 34.417829513549805, 33.62117110358344, 36.65866216023763, 35.424407958984375, 37.214302910698784, 37.03558540344238, 35.898340437147354, 34.56166394551595, 35.51304075453017, 35.03617307874892, 35.0912971496582, 34.84632280137804, 34.86241679721408, 33.63417222764757, 31.735132429334854, 30.65987269083659, 33.96461317274306, 30.166678958468967, 37.55767144097222, 32.544712490505646, 36.89709345499674, 36.75421905517578, 34.95697275797526, 35.49925083584256, 34.293747160169815, 33.69737010531955, 32.99583752950033, 34.06978310479058, 34.01309034559462, 32.63815265231662, 31.82409519619412, 31.786216523912216, 35.47959963480631, 32.917498694525825, 34.743509928385414, 36.24471240573459, 34.81705326504178, 36.43269771999783, 35.10258674621582, 35.16929944356283, 33.85229386223687, 35.268846935696075, 32.66730986701118], "mean_squared_error": [102.85485055711534, 33.77822176615397, 32.79751184251573, 34.73218324449327, 33.74580552842882, 35.27984216478136, 34.48479249742296, 34.127893659803604, 33.74358579847548, 38.166830698649086, 34.533555560641815, 32.71176846822103, 36.057112799750435, 33.2971199883355, 37.02305030822754, 32.107608795166016, 31.19460063510471, 35.85439915127225, 38.39309607611762, 36.2072508070204, 34.448748694525825, 34.85138087802463, 32.932324727376304, 34.61598141988119, 35.62340905931261, 34.83091735839844, 33.32029596964518, 32.23536046346029, 32.52297486199273, 33.86844571431478, 34.11426544189453, 35.2672496371799, 31.807028664482964, 35.07249408298068, 38.77311579386393, 35.50431103176541, 33.40637397766113, 32.35222625732422, 34.27922015719943, 34.298462337917755, 34.99635442097982, 36.11187765333388, 33.80491744147407, 33.566732830471466, 34.839021258884, 35.032809787326386, 33.47804938422309, 31.787208557128906, 34.82956865098741, 33.4048286014133, 35.69210222032335, 33.90022447374132, 34.34242206149631, 35.44790077209473, 35.40836885240343, 36.09935548570421, 33.95408058166504, 34.417829513549805, 33.62117110358344, 36.65866216023763, 35.424407958984375, 37.214302910698784, 37.03558540344238, 35.898340437147354, 34.56166394551595, 35.51304075453017, 35.03617307874892, 35.0912971496582, 34.84632280137804, 34.86241679721408, 33.63417222764757, 31.735132429334854, 30.65987269083659, 33.96461317274306, 30.166678958468967, 37.55767144097222, 32.544712490505646, 36.89709345499674, 36.75421905517578, 34.95697275797526, 35.49925083584256, 34.293747160169815, 33.69737010531955, 32.99583752950033, 34.06978310479058, 34.01309034559462, 32.63815265231662, 31.82409519619412, 31.786216523912216, 35.47959963480631, 32.917498694525825, 34.743509928385414, 36.24471240573459, 34.81705326504178, 36.43269771999783, 35.10258674621582, 35.16929944356283, 33.85229386223687, 35.268846935696075, 32.66730986701118]}