{"val_loss": [0.04226753010880202, 0.009639420692110434, 0.008178670941560995, 0.006107992012402974, 0.0039065292112354655, 0.003969969991885591, 0.00433308938954724, 0.0037059406386106275, 0.0037119603039172944, 0.0037975408013153356, 0.003801352984737605, 0.003669469959277194, 0.0036605483655876014, 0.00413361806931789, 0.0036323530875961296, 0.0036667893145931885, 0.0037165568537602667, 0.003607281785662053, 0.003685829713504063, 0.00381969973386731, 0.0037701149922213517, 0.0037671214377041906, 0.0037247820328047965, 0.003842690675810445, 0.0036691964014607947, 0.0036351276030472945, 0.003509623444188037, 0.003746029586181976, 0.003511878767312737, 0.004194141525658779, 0.003628400354500627, 0.0034782515758706722, 0.0033178636294906028, 0.0034413511675666086, 0.003575062357413117, 0.003457018825429259, 0.0035222100123064592, 0.0033295492648903746, 0.003393591156054754, 0.003260273830164806, 0.0036386410392879043, 0.003377674194780411, 0.00329576150761568, 0.0035577303933678195, 0.0038366041117114946, 0.003638985985162435, 0.003568267889932031, 0.0034594420103530865, 0.0034269010757270735, 0.0034129391169699375, 0.0032959270029095933, 0.003729075398950954, 0.0035041447154071648, 0.003524760188156506, 0.003277044976130128, 0.0034696434013312683, 0.0034058096061926335, 0.0035101578796457034, 0.003339276499900734, 0.0035000060743186623, 0.003474963719781954, 0.00374707991068135, 0.0034787255972332787, 0.003399555895157391, 0.003378981391506386, 0.003398875840503024, 0.003394031766219996, 0.003406231593544362, 0.003387202352314489, 0.003292572742793709, 0.0034890056485892273, 0.003661830985947745, 0.0032945149396255147, 0.003403062386496458, 0.003338345148222288, 0.0034645724645088194, 0.0032309153903042898, 0.003470310210104799, 0.0033459383303124923, 0.0032987737358780578, 0.0031628654960513813, 0.003521425838698633, 0.0035564989229897037, 0.0034188398803962627, 0.0034775976528180763, 0.003153243105771253, 0.0033760196311050095, 0.003333709522848949, 0.0034293115968466736, 0.003543408434779849, 0.0033591267201700248, 0.003644881067884853, 0.003389960158528993, 0.0032823133697093, 0.0033488872250018176, 0.00331037910291343, 0.003556645446224138, 0.0032322552033292595, 0.0035588531245593913, 0.0032804365328047425], "val_mean_squared_error": [0.04226753010880202, 0.009639420692110434, 0.008178670941560995, 0.006107992012402974, 0.0039065292112354655, 0.003969969991885591, 0.00433308938954724, 0.0037059406386106275, 0.0037119603039172944, 0.0037975408013153356, 0.003801352984737605, 0.003669469959277194, 0.0036605483655876014, 0.00413361806931789, 0.0036323530875961296, 0.0036667893145931885, 0.0037165568537602667, 0.003607281785662053, 0.003685829713504063, 0.00381969973386731, 0.0037701149922213517, 0.0037671214377041906, 0.0037247820328047965, 0.003842690675810445, 0.0036691964014607947, 0.0036351276030472945, 0.003509623444188037, 0.003746029586181976, 0.003511878767312737, 0.004194141525658779, 0.003628400354500627, 0.0034782515758706722, 0.0033178636294906028, 0.0034413511675666086, 0.003575062357413117, 0.003457018825429259, 0.0035222100123064592, 0.0033295492648903746, 0.003393591156054754, 0.003260273830164806, 0.0036386410392879043, 0.003377674194780411, 0.00329576150761568, 0.0035577303933678195, 0.0038366041117114946, 0.003638985985162435, 0.003568267889932031, 0.0034594420103530865, 0.0034269010757270735, 0.0034129391169699375, 0.0032959270029095933, 0.003729075398950954, 0.0035041447154071648, 0.003524760188156506, 0.003277044976130128, 0.0034696434013312683, 0.0034058096061926335, 0.0035101578796457034, 0.003339276499900734, 0.0035000060743186623, 0.003474963719781954, 0.00374707991068135, 0.0034787255972332787, 0.003399555895157391, 0.003378981391506386, 0.003398875840503024, 0.003394031766219996, 0.003406231593544362, 0.003387202352314489, 0.003292572742793709, 0.0034890056485892273, 0.003661830985947745, 0.0032945149396255147, 0.003403062386496458, 0.003338345148222288, 0.0034645724645088194, 0.0032309153903042898, 0.003470310210104799, 0.0033459383303124923, 0.0032987737358780578, 0.0031628654960513813, 0.003521425838698633, 0.0035564989229897037, 0.0034188398803962627, 0.0034775976528180763, 0.003153243105771253, 0.0033760196311050095, 0.003333709522848949, 0.0034293115968466736, 0.003543408434779849, 0.0033591267201700248, 0.003644881067884853, 0.003389960158528993, 0.0032823133697093, 0.0033488872250018176, 0.00331037910291343, 0.003556645446224138, 0.0032322552033292595, 0.0035588531245593913, 0.0032804365328047425], "loss": [2.268754357679023, 0.054220235233919487, 0.011618740442726348, 0.006287949832363261, 0.004660550996454226, 0.0038148888076345124, 0.0033856473811384705, 0.003080395490138067, 0.003111823487819897, 0.0034651599772688416, 0.0028875343398087555, 0.0027564380110965837, 0.0028161191795435217, 0.003071739286598232, 0.0027301625555588138, 0.0026048579149776036, 0.002721154493176275, 0.0025345162074599, 0.002446905735673176, 0.003124847852935394, 0.0025674536073994306, 0.0025659367028209898, 0.002557376748882234, 0.00228330848686811, 0.0025066865297655263, 0.0024516776773250764, 0.002402492979955342, 0.0019621456352372966, 0.002117942785844207, 0.0022517855072187055, 0.0025085672839648193, 0.001997684542503622, 0.0022592469273755946, 0.0019369335948593086, 0.0021824403277908764, 0.0020095324143767357, 0.002086594506787757, 0.0018113401278646456, 0.0016757662201093303, 0.0018798728059563371, 0.0016967398761254218, 0.0017964359528074663, 0.0017437634782658683, 0.0016700647538527846, 0.0016508877354984481, 0.0017816484129677217, 0.0018285856349393725, 0.0015918244219695528, 0.0016397557273093197, 0.0016959324453233017, 0.0015277280084167917, 0.0015599711138444643, 0.0013368501547827488, 0.0015595077679285572, 0.0013009675183436936, 0.001378626562654972, 0.0014352471916936338, 0.0013530084979720414, 0.0016830249611909192, 0.0012954362771577304, 0.001521961892851525, 0.001436619320884347, 0.0013784271820137899, 0.0012020468711853027, 0.0010686824292254944, 0.0012588395491345888, 0.0014088162958311539, 0.0012777737186600764, 0.0012270334732925727, 0.0010982108457634847, 0.0013721604029544527, 0.0013453994631870752, 0.0011065563885495067, 0.0012397592395751013, 0.0012256030588307315, 0.0012120356744465728, 0.0011197561462823716, 0.0013289883435289892, 0.0010342536067279677, 0.0010252604778442117, 0.0009131722165168159, 0.0010883932700380683, 0.0009906121995300055, 0.001186087559391227, 0.0010421939530513352, 0.0008787731769391232, 0.0009108510954926411, 0.0008904959864190056, 0.000959694139762885, 0.0010855564744108254, 0.0010990117637751002, 0.0012483550170953902, 0.001106354834822317, 0.000983541158752309, 0.0009000697755254805, 0.0009783772790494065, 0.0009461605158220562, 0.0009117202134802938, 0.0007483242047278003, 0.0007400093276778029],