{"val_loss": [0.02409386815270409, 0.01885896807652898, 0.009972252351872157, 0.007850563815736677, 0.007940656534628943, 0.007894799120549578, 0.007550355578132439, 0.007333741988986731, 0.0076310848744469695, 0.00691206148621859, 0.007189541589468718, 0.0069708759838249534, 0.006805358214478474, 0.0069909739249851555, 0.006823735173384193, 0.006592264457140118, 0.007162206667999271, 0.006164304199046455, 0.006827639990660828, 0.006482182310719509, 0.006062382999516558, 0.006052007294783834, 0.006661946827080101, 0.005732524092309177, 0.005921819538343698, 0.0058219271995767485, 0.00594027169427136, 0.005783182401501108, 0.00556774247525027, 0.005504409455170389, 0.006732982044923119, 0.005501031486346619, 0.005347228303435259, 0.005178018851438537, 0.005786797155451495, 0.005256525269942358, 0.005220974147960078, 0.005398202356445836, 0.00504599784835591, 0.005286129904561676, 0.005032889101130422, 0.0053174326894804835, 0.004974291896360228, 0.006436805364501197, 0.005178456882276805, 0.004689965779107297, 0.00492028506778297, 0.005125301173393382, 0.005331196738552535, 0.005097106957691722, 0.0052974508798797615, 0.0052158097678329796, 0.004593695030052913, 0.0052157905520289205, 0.004892249391559744, 0.004770473642565776, 0.005212276559177553, 0.004853119266044814, 0.004842450711294077, 0.005280303790641483, 0.005303891877701972, 0.005390615333453752, 0.004966266275005182, 0.005208022972510662, 0.005670084850862622, 0.005013941783545306, 0.004639859886083286, 0.00484264179613092, 0.005024236575991381, 0.005128208184032701, 0.0051267906674183905, 0.0048758792036096565, 0.0049440251059422735, 0.005233852873061551, 0.005078706977656111, 0.004829854275158141, 0.0047183694659906905, 0.005187930899410276, 0.005122257785842521, 0.004879257747234078, 0.004748082003061427, 0.004919399438222172, 0.004917275527986931, 0.004821935257496079, 0.004859416269027861, 0.005060458173829829, 0.004905871639493853, 0.004692150148912333, 0.0051219778033555485, 0.00462255661477684, 0.004753151995828375, 0.004660566941311117, 0.004865409846388502, 0.0045053269241179805, 0.005003920781746274, 0.004975777272193227, 0.00433093632091186, 0.004331572170485742, 0.004814537547645159, 0.004655270804505562], "val_mean_squared_error": [0.02409386815270409, 0.01885896807652898, 0.009972252351872157, 0.007850563815736677, 0.007940656534628943, 0.007894799120549578, 0.007550355578132439, 0.007333741988986731, 0.0076310848744469695, 0.00691206148621859, 0.007189541589468718, 0.0069708759838249534, 0.006805358214478474, 0.0069909739249851555, 0.006823735173384193, 0.006592264457140118, 0.007162206667999271, 0.006164304199046455, 0.006827639990660828, 0.006482182310719509, 0.006062382999516558, 0.006052007294783834, 0.006661946827080101, 0.005732524092309177, 0.005921819538343698, 0.0058219271995767485, 0.00594027169427136, 0.005783182401501108, 0.00556774247525027, 0.005504409455170389, 0.006732982044923119, 0.005501031486346619, 0.005347228303435259, 0.005178018851438537, 0.005786797155451495, 0.005256525269942358, 0.005220974147960078, 0.005398202356445836, 0.00504599784835591, 0.005286129904561676, 0.005032889101130422, 0.0053174326894804835, 0.004974291896360228, 0.006436805364501197, 0.005178456882276805, 0.004689965779107297, 0.00492028506778297, 0.005125301173393382, 0.005331196738552535, 0.005097106957691722, 0.0052974508798797615, 0.0052158097678329796, 0.004593695030052913, 0.0052157905520289205, 0.004892249391559744, 0.004770473642565776, 0.005212276559177553, 0.004853119266044814, 0.004842450711294077, 0.005280303790641483, 0.005303891877701972, 0.005390615333453752, 0.004966266275005182, 0.005208022972510662, 0.005670084850862622, 0.005013941783545306, 0.004639859886083286, 0.00484264179613092, 0.005024236575991381, 0.005128208184032701, 0.0051267906674183905, 0.0048758792036096565, 0.0049440251059422735, 0.005233852873061551, 0.005078706977656111, 0.004829854275158141, 0.0047183694659906905, 0.005187930899410276, 0.005122257785842521, 0.004879257747234078, 0.004748082003061427, 0.004919399438222172, 0.004917275527986931, 0.004821935257496079, 0.004859416269027861, 0.005060458173829829, 0.004905871639493853, 0.004692150148912333, 0.0051219778033555485, 0.00462255661477684, 0.004753151995828375, 0.004660566941311117, 0.004865409846388502, 0.0045053269241179805, 0.005003920781746274, 0.004975777272193227, 0.00433093632091186, 0.004331572170485742, 0.004814537547645159, 0.004655270804505562], "loss": [3.8909409277968936, 0.047009276847044625, 0.013258969307773642, 0.010873434961669974, 0.009260294182846943, 0.008463564535809888, 0.007195940396438043, 0.0077061100035077995, 0.00779231410059664, 0.008618051289684243, 0.007029936545424991, 0.006668611895292997, 0.006903374515887763, 0.0080554172810581, 0.0074456870141956545, 0.007532803652187188, 0.007082406690137254, 0.006100543929884831, 0.0056848359915117426, 0.006377944852122002, 0.004907300799257225, 0.005334260976976818, 0.005295007825932569, 0.005262204109587603, 0.005643833454491364, 0.004897418095626765, 0.00440749137972792, 0.004521982796076272, 0.004151177877146337, 0.00479836071220537, 0.003662352062140902, 0.0034208265909304223, 0.004540414342449771, 0.0047491171345528625, 0.003944125000594391, 0.003659619820407695, 0.004341430134243435, 0.004931737151410844, 0.0042218667610238, 0.004170684092160728, 0.0042947643539971775, 0.004884307039901614, 0.003587205040579041, 0.00439488098749684, 0.004254156283827292, 0.004033278389316466, 0.0036101425325291026, 0.003699424107455545, 0.0038921078408343922, 0.00469317701127794, 0.00355992313577897, 0.0033950251009729174, 0.0035950596599529185, 0.004597820445067353, 0.002605142084778183, 0.003149017614002029, 0.0028510948694828483, 0.002502128637085358, 0.0028968489237336647, 0.00307331011734075, 0.003462539727075232, 0.003005507324511806, 0.0031894766854950124, 0.0031061438170986045, 0.0038569847432275615, 0.003148158598277304, 0.0021667240265135965, 0.00224137171689007, 0.002335202078231507, 0.002631751794574989, 0.0025992422338782083, 0.0026886057651912174, 0.002969432699804505, 0.0024467828140283623, 0.002127927132985658, 0.0022026983917587334, 0.0022311878726921147, 0.0025600154832419422, 0.0023061413602489564, 0.00251599939333068, 0.001889571107717024, 0.0027161563048139215, 0.002297166812544068, 0.0018757395058249433, 0.0022093444648716184, 0.0020589935852007735, 0.0017918988596647978, 0.0017161106613154213, 0.0021446876408946183, 0.0019913943122244543, 0.002295559957726962, 0.001756638223822746, 0.002010086654788918, 0.0014612898618603747, 0.0015481645758781168, 0.0019127320524098144, 0.001721561304293573, 0.001517714971366028, 0.0013749226216330295, 0.0015814322719557418],