{"val_loss": [0.15314858476631343, 0.14729573507793248, 0.15847064135596156, 0.15312519064173102, 0.15321074379608035, 0.14739401347469538, 0.14704429567791522, 0.14614215539768338, 0.14813755685463548, 0.1461720741353929, 0.1470174656715244, 0.1449260062072426, 0.14434837829321623, 0.15166042954660952, 0.14720338326878846, 0.1409431465435773, 0.14381400786805898, 0.14317716471850872, 0.14168462087400258, 0.14255903253797442, 0.1437644885154441, 0.14020603732205927, 0.1394932719413191, 0.1417413328308612, 0.13549051899462938, 0.13559879956301302, 0.1322013536700979, 0.1287581752985716, 0.12571331183426082, 0.1271763815311715, 0.12018140172585845, 0.11952262267004699, 0.11491807084530592, 0.11639685335103422, 0.1097801171708852, 0.10610917338635772, 0.10268145310692489, 0.09948688221629709, 0.09776726108975708, 0.09683024394325912, 0.0972972335293889, 0.09493768110405654, 0.09480169974267483, 0.09687142167240381, 0.09636003314517438, 0.08933837193762884, 0.08902453142218292, 0.08964964339975268, 0.08517631993163377, 0.08762593346182257, 0.08701243589166552, 0.08257531019626185, 0.08318060293095186, 0.08690771565306932, 0.08368110778974369, 0.08207156683783978, 0.08538972568931058, 0.0825054946471937, 0.08200919721275568, 0.08458460145629942, 0.08061379112768918, 0.07413836335763335, 0.07854148023761809, 0.07674397644586861, 0.07414043956669047, 0.07300487242173404, 0.074552834732458, 0.07750329002737999, 0.07618310273392126, 0.07309851498575881, 0.07050561613868922, 0.07352250866824761, 0.07604610989801586, 0.07380569854285568, 0.07009571191156283, 0.07446244137827307, 0.07082018349319696, 0.07328689517453313, 0.07237069844268262, 0.07166329061146826, 0.0750322871026583, 0.07279468060005456, 0.07373679254669696, 0.07302824436919764, 0.07826062542153522, 0.0726077122380957, 0.0726619818015024, 0.07329577702330425, 0.07581333187408745, 0.07339520432287827, 0.07298474805429578, 0.07157898606965318, 0.07602399808820337, 0.07082059513777494, 0.07148618571227416, 0.07281445543048903, 0.07228722923900932, 0.07234384660841897, 0.07302796497242525, 0.07464380050078034], "val_acc": [0.5203857421875, 0.5174560546875, 0.4263916015625, 0.4619140625, 0.4560546875, 0.533203125, 0.5291748046875, 0.5362548828125, 0.517578125, 0.5318603515625, 0.5235595703125, 0.5279541015625, 0.53857421875, 0.4632568359375, 0.5198974609375, 0.5595703125, 0.5550537109375, 0.5745849609375, 0.55908203125, 0.5418701171875, 0.562255859375, 0.580810546875, 0.5682373046875, 0.5474853515625, 0.606689453125, 0.595703125, 0.5888671875, 0.6124267578125, 0.6234130859375, 0.606689453125, 0.6597900390625, 0.651611328125, 0.68798828125, 0.6629638671875, 0.701171875, 0.702880859375, 0.7225341796875, 0.7366943359375, 0.73486328125, 0.71875, 0.7294921875, 0.753662109375, 0.7445068359375, 0.744873046875, 0.74169921875, 0.76025390625, 0.7568359375, 0.7601318359375, 0.7725830078125, 0.76611328125, 0.7598876953125, 0.77587890625, 0.7762451171875, 0.76513671875, 0.7763671875, 0.7733154296875, 0.768798828125, 0.7633056640625, 0.772216796875, 0.764404296875, 0.7718505859375, 0.8006591796875, 0.7821044921875, 0.7928466796875, 0.804443359375, 0.788330078125, 0.8040771484375, 0.79150390625, 0.797607421875, 0.795166015625, 0.81640625, 0.805419921875, 0.7916259765625, 0.7958984375, 0.810546875, 0.797607421875, 0.8101806640625, 0.8043212890625, 0.8026123046875, 0.80419921875, 0.7977294921875, 0.80322265625, 0.8043212890625, 0.8072509765625, 0.7958984375, 0.8004150390625, 0.80419921875, 0.8052978515625, 0.7994384765625, 0.8023681640625, 0.8026123046875, 0.808349609375, 0.7967529296875, 0.8121337890625, 0.8134765625, 0.811767578125, 0.810791015625, 0.8079833984375, 0.80419921875, 0.79541015625], "loss": [0.1815519995159573, 0.13760045170783997, 0.14619323280122545, 0.14676158295737374, 0.1478432599041197, 0.14808909595012665, 0.14248963859346178, 0.14639707737498814, 0.14229385885927412, 0.14050121274259356, 0.1415509498781628, 0.13541017389959759, 0.1366017245584064, 0.1428055614233017, 0.13921733366118538, 0.1394096530146069, 0.13715777463383144, 0.13420668409930336, 0.1289733582072788, 0.1389541510078642, 0.13334718098243079, 0.12907636496755812, 0.12858262575334972, 0.12575272222359976, 0.12518458896213108, 0.11549338946739833, 0.11495087295770645, 0.11073315226369435, 0.10080170714192921, 0.09595704078674316, 0.09361583987871806, 0.08107378251022762, 0.07913141987389988, 0.07954911142587662, 0.07442618285616238, 0.06426658936672741, 0.057131746576892004, 0.05153357485930125, 0.04781991657283571, 0.04414579230878088, 0.032638056203722954, 0.025260933364431064, 0.021180781121883128, 0.0235262064056264, 0.025127818600998983, 0.01825542375445366, 0.016113020065757964, 0.017875623371866014, 0.013391438043779798, 0.012980963025862971, 0.010058093298640516, 0.010156041166434685, 0.009875419342683421, 0.0101971082492835, 0.008994514536526468, 0.009692868243695961, 0.00725083598970539, 0.008493411561681164, 0.005288548482995894, 0.004312983403603236, 0.0031177727764265407, 0.0019566514141236744, 0.0016490315190619892, 0.001860167339651121, 0.0012986990946551992, 0.0011867006283460392, 0.0007748170755803585, 0.0006444465187895629, 0.00048589081335295405, 0.0006019168585124943, 0.0005077232457956092, 0.0004513207629012565, 0.00035987668606038723, 0.0003757784983867572, 0.0002972015677692576, 0.0002625960025600054, 0.0002607572597399768, 0.00020132112129229226, 0.00018543043633043353, 0.00020474960911087692, 0.00017936799688161246, 0.0001676382202680947, 0.0001703424188437768, 0.00017385986898767037, 0.0001659255883876338, 0.0001638423273107037, 0.00013373127553172203, 0.00012931852284560187, 0.00012993722662536634, 0.000124839191913553, 0.00011686330172880035, 0.0001251624796875856, 0.00011771734393227639, 9.893383038514812e-05, 0.00012004976209330683, 9.892197623331513e-05, 0.00010156636886272786, 9.69555775453854e-05, 9.829938304998602e-05, 9.445293269689298e-05], "acc": [0.4565972222222222, 0.5564236111111112, 0.5147569444444444, 0.5086805555555556, 0.5234375, 0.5060763888888888, 0.5338541666666666, 0.5321180555555556, 0.5425347222222222, 0.5460069444444444, 0.5355902777777778, 0.5677083333333334, 0.5494791666666666, 0.5182291666666666, 0.5399305555555556, 0.5737847222222222, 0.5789930555555556, 0.5859375, 0.6119791666666666, 0.5824652777777778, 0.5946180555555556, 0.5989583333333334, 0.6015625, 0.6171875, 0.609375, 0.6779513888888888, 0.6762152777777778, 0.7039930555555556, 0.7413194444444444, 0.7439236111111112, 0.7604166666666666, 0.8055555555555556, 0.8116319444444444, 0.8046875, 0.8246527777777778, 0.8385416666666666, 0.8706597222222222, 0.8802083333333334, 0.8897569444444444, 0.9019097222222222, 0.9418402777777778, 0.9600694444444444, 0.9670138888888888, 0.9557291666666666, 0.9539930555555556, 0.9696180555555556, 0.9704861111111112, 0.9644097222222222, 0.9704861111111112, 0.9704861111111112, 0.9765625, 0.9765625, 0.9748263888888888, 0.9748263888888888, 0.9774305555555556, 0.9739583333333334, 0.9817708333333334, 0.9791666666666666, 0.9869791666666666, 0.9930555555555556, 0.9973958333333334, 0.9982638888888888, 1.0, 0.9973958333333334, 0.9982638888888888, 1.0, 1.0, 1.0, 1.0, 1.0, 1.0, 1.0, 1.0, 1.0, 1.0, 1.0, 1.0, 1.0, 1.0, 1.0, 1.0, 1.0, 1.0, 1.0, 1.0, 1.0, 1.0, 1.0, 1.0, 1.0, 1.0, 1.0, 1.0, 1.0, 1.0, 1.0, 1.0, 1.0, 1.0, 1.0]}