{"val_loss": [0.1154758621705696, 0.028664785262662917, 0.010187991749262437, 0.008758980620768853, 0.007356833033554722, 0.007473950048733968, 0.0066167318655061536, 0.006686626598821022, 0.0063559552290826105, 0.006658271566266194, 0.006428086759115104, 0.0065830957173602656, 0.006359391474688891, 0.006327206385321915, 0.006568679069459904, 0.00663742765027564, 0.006389274669345468, 0.0064660580101190135, 0.0061526221834355965, 0.0061926815687911585, 0.006172797868202906, 0.006114969699410722, 0.0061931795135024, 0.0062158769214875065, 0.005971041136945132, 0.006264153853408061, 0.00636080777621828, 0.006140955905721057, 0.0063345068047055975, 0.006072130418033339, 0.006089421302021947, 0.006017894971591886, 0.006098342048062477, 0.00622822463628836, 0.006101702056184877, 0.00594560364697827, 0.00629792577092303, 0.006308031770458911, 0.006005639239447191, 0.00613193609751761, 0.006011905483319424, 0.00607998813939048, 0.00619292715418851, 0.005856208619661629, 0.006121011101640761, 0.0061872217411291786, 0.006017628620611504, 0.006054345132724848, 0.006183359459100757, 0.0060158279302413575, 0.0061034888931317255, 0.006244799878913909, 0.006100578706536908, 0.00582042459063814, 0.0060337990944390185, 0.006177162205858622, 0.005973598395939916, 0.005745405418565497, 0.0059575273262453265, 0.005902729695662856, 0.006167380379338283, 0.006060700419766363, 0.005994954575726297, 0.005921305768424645, 0.005796592013211921, 0.006019482148985844, 0.006102602659666445, 0.00592823771876283, 0.0057696548028616235, 0.005848514017998241, 0.005750614815042354, 0.005954098793154117, 0.006016572791850194, 0.006043942004907876, 0.005636404297547415, 0.005783905085991137, 0.005789189301140141, 0.005520143007743172, 0.0057076853336184286, 0.005541098515095655, 0.005683054048859049, 0.006250200589420274, 0.006125266314484179, 0.005586377876170445, 0.0053584436427627224, 0.005817619905428728, 0.00559362394415075, 0.005518397403648123, 0.005369868435082026, 0.005584612750681117, 0.005426349052868318, 0.005584298000030685, 0.005383962139603682, 0.00559686519409297, 0.005513480500667356, 0.005511973417014815, 0.005124580900883302, 0.005515392847883049, 0.005340303570847027, 0.005368864796764683], "val_mean_squared_error": [0.1154758621705696, 0.028664785262662917, 0.010187991749262437, 0.008758980620768853, 0.007356833033554722, 0.007473950048733968, 0.0066167318655061536, 0.006686626598821022, 0.0063559552290826105, 0.006658271566266194, 0.006428086759115104, 0.0065830957173602656, 0.006359391474688891, 0.006327206385321915, 0.006568679069459904, 0.00663742765027564, 0.006389274669345468, 0.0064660580101190135, 0.0061526221834355965, 0.0061926815687911585, 0.006172797868202906, 0.006114969699410722, 0.0061931795135024, 0.0062158769214875065, 0.005971041136945132, 0.006264153853408061, 0.00636080777621828, 0.006140955905721057, 0.0063345068047055975, 0.006072130418033339, 0.006089421302021947, 0.006017894971591886, 0.006098342048062477, 0.00622822463628836, 0.006101702056184877, 0.00594560364697827, 0.00629792577092303, 0.006308031770458911, 0.006005639239447191, 0.00613193609751761, 0.006011905483319424, 0.00607998813939048, 0.00619292715418851, 0.005856208619661629, 0.006121011101640761, 0.0061872217411291786, 0.006017628620611504, 0.006054345132724848, 0.006183359459100757, 0.0060158279302413575, 0.0061034888931317255, 0.006244799878913909, 0.006100578706536908, 0.00582042459063814, 0.0060337990944390185, 0.006177162205858622, 0.005973598395939916, 0.005745405418565497, 0.0059575273262453265, 0.005902729695662856, 0.006167380379338283, 0.006060700419766363, 0.005994954575726297, 0.005921305768424645, 0.005796592013211921, 0.006019482148985844, 0.006102602659666445, 0.00592823771876283, 0.0057696548028616235, 0.005848514017998241, 0.005750614815042354, 0.005954098793154117, 0.006016572791850194, 0.006043942004907876, 0.005636404297547415, 0.005783905085991137, 0.005789189301140141, 0.005520143007743172, 0.0057076853336184286, 0.005541098515095655, 0.005683054048859049, 0.006250200589420274, 0.006125266314484179, 0.005586377876170445, 0.0053584436427627224, 0.005817619905428728, 0.00559362394415075, 0.005518397403648123, 0.005369868435082026, 0.005584612750681117, 0.005426349052868318, 0.005584298000030685, 0.005383962139603682, 0.00559686519409297, 0.005513480500667356, 0.005511973417014815, 0.005124580900883302, 0.005515392847883049, 0.005340303570847027, 0.005368864796764683], "loss": [6.299853214787112, 0.05154777659724156, 0.012799130649202399, 0.008448772028916411, 0.006284820898953412, 0.0061876666732132435, 0.006028153674883975, 0.006070813784996669, 0.005557162169780996, 0.005594194349315431, 0.0055704811174008585, 0.00587176319418682, 0.005485515213674969, 0.005350289297186666, 0.005153545902834998, 0.005585728420151604, 0.005430952335397403, 0.005210991276221143, 0.005296439346339967, 0.005070112231704924, 0.005247614760365751, 0.00450159531707565, 0.005218444495565361, 0.004718362405482266, 0.005199077694366376, 0.005049716888202561, 0.004864565924637848, 0.005066177807748318, 0.004906075282229317, 0.0048328001155621475, 0.004604504133264224, 0.004700192198571231, 0.0046032507800393635, 0.005023700288600392, 0.004340021508849329, 0.004508069897484448, 0.004157037603565388, 0.004903723330547412, 0.004667749007542928, 0.004476317618456151, 0.00428799682089852, 0.004563243024879032, 0.004729634513043695, 0.004790233810328775, 0.004520798412462075, 0.004672947184493144, 0.003819173305398888, 0.00424610329274502, 0.004404490347951651, 0.004032374644238088, 0.004383854878445466, 0.0045092715364363455, 0.004189747101109888, 0.004238130679974954, 0.004090498925911056, 0.0042619957950794035, 0.0039051581277615493, 0.003873407090496686, 0.0038090207510524327, 0.0036486496424509417, 0.0039548621150768465, 0.003926674473202891, 0.0036973582528945473, 0.003671697470256024, 0.0040976180591517026, 0.0038739965918163457, 0.0036354500334709883, 0.003775529822127687, 0.0037245457319335807, 0.0035001420829859045, 0.003878031029469437, 0.0037721123598102066, 0.0033965748217370775, 0.003804917964670393, 0.0035829340211219257, 0.0034137353456268706, 0.0033226670542111, 0.003551072415171398, 0.003194577914352218, 0.003191513449160589, 0.00325447895253698, 0.0033737800549715757, 0.003815062732125322, 0.003921035340883666, 0.0034454664888067376, 0.00367512885067198, 0.0034692554941607844, 0.0031912159950782857, 0.003577799406937427, 0.0035052098747756747, 0.0034379196974138417, 0.003382959015046557, 0.003481512397734655, 0.0035442991906570066, 0.0034463932841188377, 0.0032891995118310056, 0.00337436042415599, 0.003338746829993195, 0.003090450100393759, 0.0028794357139203283],