{"val_loss": [1879.2258129119873, 1576.5952682495117, 1339.5940284729004, 1131.9961977005005, 991.3798971176147, 852.0179605484009, 776.1205101013184, 721.1674647331238, 692.546724319458, 644.2788696289062, 645.8883190155029, 599.0830907821655, 610.4399671554565, 604.357367515564, 612.910008430481, 599.5776319503784, 634.5910539627075, 611.1490874290466, 619.7865328788757, 589.5526466369629, 607.1116642951965, 603.0174899101257, 618.3658185005188, 628.5895576477051, 610.5660581588745, 603.0130524635315, 607.9254598617554, 617.5087575912476, 625.2194991111755, 633.2767992019653, 626.6287293434143, 628.6156373023987, 626.2929773330688, 604.473461151123, 607.3339586257935, 613.9964003562927, 600.075309753418, 624.12917137146, 592.5022892951965, 627.6774492263794, 607.4334645271301, 603.3922028541565, 616.5534133911133, 608.9537162780762, 621.3617997169495, 640.5329923629761, 613.3182849884033, 608.5297341346741, 627.1363916397095, 608.9997000694275, 619.546281337738, 599.6228036880493, 591.5141291618347, 601.406756401062, 601.1249918937683, 606.1392540931702, 600.5803184509277, 612.0388174057007, 632.7144618034363, 617.1904940605164, 592.2317790985107, 607.4009437561035, 596.3418941497803, 614.8990306854248, 622.2963285446167, 612.6631798744202, 626.0868163108826, 621.8371152877808, 614.3651566505432, 610.6040191650391, 617.5832242965698, 610.3908944129944, 605.4267110824585, 625.2797541618347, 609.0093841552734, 610.7939147949219, 596.5029258728027, 610.7262926101685, 628.6929430961609, 628.3351044654846, 603.8274631500244, 588.2940239906311, 611.2515182495117, 618.5721244812012, 597.292423248291, 604.4978280067444, 608.192449092865, 606.5642671585083, 613.1981496810913, 615.0521655082703, 592.5467114448547, 609.286723613739, 612.410336971283, 619.6296663284302, 616.6792330741882, 609.3749575614929, 629.2040619850159, 623.5406627655029, 623.1781320571899, 598.495276927948], "val_mean_squared_error": [1879.2258129119873, 1576.5952682495117, 1339.5940284729004, 1131.9961977005005, 991.3798971176147, 852.0179605484009, 776.1205101013184, 721.1674647331238, 692.546724319458, 644.2788696289062, 645.8883190155029, 599.0830907821655, 610.4399671554565, 604.357367515564, 612.910008430481, 599.5776319503784, 634.5910539627075, 611.1490874290466, 619.7865328788757, 589.5526466369629, 607.1116642951965, 603.0174899101257, 618.3658185005188, 628.5895576477051, 610.5660581588745, 603.0130524635315, 607.9254598617554, 617.5087575912476, 625.2194991111755, 633.2767992019653, 626.6287293434143, 628.6156373023987, 626.2929773330688, 604.473461151123, 607.3339586257935, 613.9964003562927, 600.075309753418, 624.12917137146, 592.5022892951965, 627.6774492263794, 607.4334645271301, 603.3922028541565, 616.5534133911133, 608.9537162780762, 621.3617997169495, 640.5329923629761, 613.3182849884033, 608.5297341346741, 627.1363916397095, 608.9997000694275, 619.546281337738, 599.6228036880493, 591.5141291618347, 601.406756401062, 601.1249918937683, 606.1392540931702, 600.5803184509277, 612.0388174057007, 632.7144618034363, 617.1904940605164, 592.2317790985107, 607.4009437561035, 596.3418941497803, 614.8990306854248, 622.2963285446167, 612.6631798744202, 626.0868163108826, 621.8371152877808, 614.3651566505432, 610.6040191650391, 617.5832242965698, 610.3908944129944, 605.4267110824585, 625.2797541618347, 609.0093841552734, 610.7939147949219, 596.5029258728027, 610.7262926101685, 628.6929430961609, 628.3351044654846, 603.8274631500244, 588.2940239906311, 611.2515182495117, 618.5721244812012, 597.292423248291, 604.4978280067444, 608.192449092865, 606.5642671585083, 613.1981496810913, 615.0521655082703, 592.5467114448547, 609.286723613739, 612.410336971283, 619.6296663284302, 616.6792330741882, 609.3749575614929, 629.2040619850159, 623.5406627655029, 623.1781320571899, 598.495276927948], "loss": [2602.4988878038193, 2009.5960557725693, 1476.3238254123264, 1354.4154459635417, 1206.1206936306423, 995.0508287217882, 850.5859103732639, 892.4216715494791, 728.9710150824653, 790.758558485243, 601.454345703125, 684.4496053059896, 698.1676364474827, 736.6275160047743, 637.9456956651476, 629.2431640625, 682.0533854166666, 647.2302856445312, 621.2553168402778, 603.9005126953125, 626.8005777994791, 603.1522250705295, 682.4209662543403, 683.7234903971354, 657.7393731011284, 619.4806043836805, 640.0572645399305, 648.6710272894966, 681.7135755750868, 642.0495096842448, 648.2551066080729, 649.6131388346354, 662.8546820746528, 637.7670152452257, 623.9881591796875, 670.7382541232639, 661.4306165907118, 697.5594414605034, 636.7794969346788, 661.3480563693577, 707.9360690646702, 621.8804592556423, 657.6777411566841, 626.4240519205729, 669.5393676757812, 612.4861212836372, 645.4408908420139, 711.6416965060764, 657.2128024631077, 653.4596693250868, 650.0669216579861, 640.7439303927952, 612.5802747938368, 635.147718641493, 612.9643825954861, 613.7674628363716, 662.7339748806423, 607.1352233886719, 654.2035556369358, 609.2118055555555, 686.2708129882812, 695.2662217881945, 631.4516194661459, 660.5190158420139, 657.3243476019966, 615.8159247504341, 696.1556735568577, 654.428724500868, 646.1148817274305, 653.0386182996962, 662.9669935438368, 594.2969767252604, 638.1388244628906, 611.668443467882, 649.2186279296875, 621.8631930881077, 609.9011027018229, 666.477769639757, 672.3512234157986, 649.5869479709202, 642.4019097222222, 552.8977898491753, 626.708743625217, 599.2186143663195, 614.4043511284722, 641.1493665907118, 643.893296983507, 676.7912767198351, 644.9706081814236, 630.1476847330729, 634.9616224500868, 631.9372490776909, 675.5420803493923, 635.8600497775608, 627.8428480360243, 685.1221177842882, 693.1458808051216, 682.9594794379341, 663.0307006835938, 640.3528171115452], "mean_squared_error": [2602.4988878038193, 2009.5960557725693, 1476.3238254123264, 1354.4154459635417, 1206.1206936306423, 995.0508287217882, 850.5859103732639, 892.4216715494791, 728.9710150824653, 790.758558485243, 601.454345703125, 684.4496053059896, 698.1676364474827, 736.6275160047743, 637.9456956651476, 629.2431640625, 682.0533854166666, 647.2302856445312, 621.2553168402778, 603.9005126953125, 626.8005777994791, 603.1522250705295, 682.4209662543403, 683.7234903971354, 657.7393731011284, 619.4806043836805, 640.0572645399305, 648.6710272894966, 681.7135755750868, 642.0495096842448, 648.2551066080729, 649.6131388346354, 662.8546820746528, 637.7670152452257, 623.9881591796875, 670.7382541232639, 661.4306165907118, 697.5594414605034, 636.7794969346788, 661.3480563693577, 707.9360690646702, 621.8804592556423, 657.6777411566841, 626.4240519205729, 669.5393676757812, 612.4861212836372, 645.4408908420139, 711.6416965060764, 657.2128024631077, 653.4596693250868, 650.0669216579861, 640.7439303927952, 612.5802747938368, 635.147718641493, 612.9643825954861, 613.7674628363716, 662.7339748806423, 607.1352233886719, 654.2035556369358, 609.2118055555555, 686.2708129882812, 695.2662217881945, 631.4516194661459, 660.5190158420139, 657.3243476019966, 615.8159247504341, 696.1556735568577, 654.428724500868, 646.1148817274305, 653.0386182996962, 662.9669935438368, 594.2969767252604, 638.1388244628906, 611.668443467882, 649.2186279296875, 621.8631930881077, 609.9011027018229, 666.477769639757, 672.3512234157986, 649.5869479709202, 642.4019097222222, 552.8977898491753, 626.708743625217, 599.2186143663195, 614.4043511284722, 641.1493665907118, 643.893296983507, 676.7912767198351, 644.9706081814236, 630.1476847330729, 634.9616224500868, 631.9372490776909, 675.5420803493923, 635.8600497775608, 627.8428480360243, 685.1221177842882, 693.1458808051216, 682.9594794379341, 663.0307006835938, 640.3528171115452]}