{"val_loss": [0.10679371864534914, 0.06292095384560525, 0.0608479724614881, 0.06051928119268268, 0.05894720723154023, 0.06376781727885827, 0.05780238745501265, 0.055194306187331676, 0.059419559431262314, 0.059462678036652505, 0.05612861190456897, 0.05668095452710986, 0.05849320674315095, 0.06349022791255265, 0.06089059787336737, 0.05697101168334484, 0.05826321605127305, 0.060050202475395054, 0.05897820059908554, 0.05719087307807058, 0.05890517920488492, 0.05855951621197164, 0.0582453683600761, 0.05877532990416512, 0.058583647827617824, 0.058343104377854615, 0.05648608459159732, 0.05923977610655129, 0.05853737727738917, 0.059462872275616974, 0.06443625403335318, 0.0605358041357249, 0.06006702047307044, 0.05701000546105206, 0.0603653485304676, 0.05953242763644084, 0.05840433808043599, 0.05708176287589595, 0.05680562055204064, 0.057666783570311964, 0.0581831632880494, 0.06043244287138805, 0.05705838999710977, 0.05757299799006432, 0.05755224358290434, 0.058131925063207746, 0.05580298334825784, 0.05826263822382316, 0.05868010158883408, 0.05846945464145392, 0.05626956222113222, 0.056443336769007146, 0.05756907147588208, 0.05661855492508039, 0.05640654871240258, 0.05545301322126761, 0.058763409848324955, 0.05966381123289466, 0.05695284390822053, 0.057445663667749614, 0.05705253733322024, 0.05734527652384713, 0.05669884168310091, 0.05811324011301622, 0.05751608818536624, 0.05831938685150817, 0.05663505115080625, 0.058324812445789576, 0.05783727904781699, 0.05608150700572878, 0.05709892540471628, 0.055686011794023216, 0.055412916583009064, 0.056489172915462404, 0.055873550416436046, 0.057253506674896926, 0.052076243271585554, 0.05702812835806981, 0.054626078344881535, 0.054939757159445435, 0.056621295283548534, 0.05587951670167968, 0.05482004163786769, 0.05499552475521341, 0.05434356880141422, 0.05403150024358183, 0.05398321198299527, 0.053297732200007886, 0.05433435185113922, 0.056106432632077485, 0.05715163261629641, 0.05413417564705014, 0.05543958069756627, 0.054855603084433824, 0.05735243688104674, 0.05541801726212725, 0.05413901753490791, 0.05555739987175912, 0.05717442568857223, 0.05357677349820733], "val_mean_squared_error": [0.10679371864534914, 0.06292095384560525, 0.0608479724614881, 0.06051928119268268, 0.05894720723154023, 0.06376781727885827, 0.05780238745501265, 0.055194306187331676, 0.059419559431262314, 0.059462678036652505, 0.05612861190456897, 0.05668095452710986, 0.05849320674315095, 0.06349022791255265, 0.06089059787336737, 0.05697101168334484, 0.05826321605127305, 0.060050202475395054, 0.05897820059908554, 0.05719087307807058, 0.05890517920488492, 0.05855951621197164, 0.0582453683600761, 0.05877532990416512, 0.058583647827617824, 0.058343104377854615, 0.05648608459159732, 0.05923977610655129, 0.05853737727738917, 0.059462872275616974, 0.06443625403335318, 0.0605358041357249, 0.06006702047307044, 0.05701000546105206, 0.0603653485304676, 0.05953242763644084, 0.05840433808043599, 0.05708176287589595, 0.05680562055204064, 0.057666783570311964, 0.0581831632880494, 0.06043244287138805, 0.05705838999710977, 0.05757299799006432, 0.05755224358290434, 0.058131925063207746, 0.05580298334825784, 0.05826263822382316, 0.05868010158883408, 0.05846945464145392, 0.05626956222113222, 0.056443336769007146, 0.05756907147588208, 0.05661855492508039, 0.05640654871240258, 0.05545301322126761, 0.058763409848324955, 0.05966381123289466, 0.05695284390822053, 0.057445663667749614, 0.05705253733322024, 0.05734527652384713, 0.05669884168310091, 0.05811324011301622, 0.05751608818536624, 0.05831938685150817, 0.05663505115080625, 0.058324812445789576, 0.05783727904781699, 0.05608150700572878, 0.05709892540471628, 0.055686011794023216, 0.055412916583009064, 0.056489172915462404, 0.055873550416436046, 0.057253506674896926, 0.052076243271585554, 0.05702812835806981, 0.054626078344881535, 0.054939757159445435, 0.056621295283548534, 0.05587951670167968, 0.05482004163786769, 0.05499552475521341, 0.05434356880141422, 0.05403150024358183, 0.05398321198299527, 0.053297732200007886, 0.05433435185113922, 0.056106432632077485, 0.05715163261629641, 0.05413417564705014, 0.05543958069756627, 0.054855603084433824, 0.05735243688104674, 0.05541801726212725, 0.05413901753490791, 0.05555739987175912, 0.05717442568857223, 0.05357677349820733], "loss": [2.700569012098842, 0.07793990481230947, 0.05867194260160128, 0.0546917716662089, 0.055209925605191126, 0.0562599976029661, 0.05493548636635145, 0.05147185135218832, 0.05562535425027212, 0.05717617438899146, 0.05259755833281411, 0.0554597783419821, 0.055284986893335976, 0.05428483212987582, 0.05548604908916685, 0.055366075701183744, 0.054015385193957224, 0.05624228591720263, 0.056386722872654595, 0.052642452634043164, 0.04763594352536731, 0.05452809855341911, 0.05443178820941183, 0.05395801034238604, 0.053827055212524205, 0.057101655337545604, 0.05279851415091091, 0.052790107826391854, 0.053635223458210625, 0.05260786496930652, 0.0552713672320048, 0.05331405707531505, 0.055515516135427684, 0.05288842154873742, 0.05336772857440843, 0.05401986547642284, 0.053970089389218226, 0.0507511951857143, 0.05370645680361324, 0.04959950761662589, 0.052596963942050934, 0.05937883795963393, 0.056427645600504346, 0.05244565920697318, 0.0528426029615932, 0.05331648886203766, 0.05308772416578399, 0.05501896970801883, 0.053230115522940956, 0.05399873107671738, 0.05209962195820279, 0.0508674718439579, 0.053080247508154974, 0.052348057428995766, 0.051951390587621264, 0.04844694294863277, 0.05075667964087592, 0.05542673791448275, 0.05109285025133027, 0.0533523563709524, 0.04987962461180157, 0.052346855815913945, 0.04821740215023359, 0.05163886315292782, 0.05152003177338176, 0.04945348368750678, 0.04912757169869211, 0.050914718872971006, 0.048091278307967715, 0.05119161225027508, 0.05075020715594292, 0.05230135718981425, 0.051634539332654744, 0.04781700380974346, 0.05034196169839965, 0.048814688291814595, 0.04974018823769358, 0.054424373226033315, 0.052074713011582695, 0.050682449920309916, 0.05080560139483876, 0.05255542488561736, 0.05225223840938674, 0.04983314002553622, 0.050258956021732755, 0.05205363821652201, 0.04912480339407921, 0.04978533668650521, 0.046427833951181836, 0.05153913299242655, 0.053582763506306544, 0.050819518665472664, 0.049798244817389384, 0.05309158108300633, 0.04890158358547422, 0.05487952091627651, 0.04885288824637731, 0.04995885781115956, 0.049342402153544955, 0.0516128825644652],