{"val_loss": [0.21471205702982843, 0.14996171568054706, 0.157837821287103, 0.14972734614275396, 0.1503138473490253, 0.15596324484795332, 0.15134127589408308, 0.15145321923773736, 0.14998229697812349, 0.153829516726546, 0.15227047679945827, 0.15320246841292828, 0.14607201027683914, 0.15009570878464729, 0.14484195841941983, 0.14461277110967785, 0.14807887678034604, 0.14658215339295566, 0.15042507951147854, 0.1446628625271842, 0.14523377607110888, 0.14296475506853312, 0.14937343320343643, 0.14543675887398422, 0.14771982841193676, 0.14799502573441714, 0.14912164094857872, 0.14792307280004025, 0.14999396877828985, 0.14886843576095998, 0.15186981647275388, 0.14477458328474313, 0.16535233880858868, 0.14682100957725197, 0.15093035774771124, 0.15322356403339654, 0.15346350939944386, 0.1480416184058413, 0.14990216540172696, 0.1487809690879658, 0.14978680131025612, 0.15344996831845492, 0.15780130308121443, 0.15009295044001192, 0.15449630934745073, 0.15388781449291855, 0.15093516535125673, 0.14977983804419637, 0.1497206297935918, 0.14754658553283662, 0.1438927376875654, 0.14553930517286062, 0.14634528232272714, 0.15662677644286305, 0.14170546177774668, 0.16237326490227133, 0.14895899360999465, 0.14625282934866846, 0.14271584537345916, 0.14129578252322972, 0.15087064437102526, 0.14278007636312395, 0.14125401561614126, 0.1478371670236811, 0.14492401492316276, 0.15357060451060534, 0.152933269739151, 0.16463237663265318, 0.15142111433669925, 0.14313840051181614, 0.1429904531687498, 0.14294877578504384, 0.14416173961944878, 0.14654765999875963, 0.14375594654120505, 0.14572522277012467, 0.14165915176272392, 0.15150712756440043, 0.1566971519496292, 0.15138943679630756, 0.15469551109708846, 0.13914173131342977, 0.1410637804074213, 0.14245156513061374, 0.14541559806093574, 0.13799634552560747, 0.15738800913095474, 0.14202582847792655, 0.14557541289832443, 0.14315159944817424, 0.13912930618971586, 0.1445441620890051, 0.14884604676626623, 0.13900462340097874, 0.1439959886483848, 0.13923642912413925, 0.14119809784460813, 0.14424181240610778, 0.14482868020422757, 0.16153129818849266], "val_mean_squared_error": [0.21471205702982843, 0.14996171568054706, 0.157837821287103, 0.14972734614275396, 0.1503138473490253, 0.15596324484795332, 0.15134127589408308, 0.15145321923773736, 0.14998229697812349, 0.153829516726546, 0.15227047679945827, 0.15320246841292828, 0.14607201027683914, 0.15009570878464729, 0.14484195841941983, 0.14461277110967785, 0.14807887678034604, 0.14658215339295566, 0.15042507951147854, 0.1446628625271842, 0.14523377607110888, 0.14296475506853312, 0.14937343320343643, 0.14543675887398422, 0.14771982841193676, 0.14799502573441714, 0.14912164094857872, 0.14792307280004025, 0.14999396877828985, 0.14886843576095998, 0.15186981647275388, 0.14477458328474313, 0.16535233880858868, 0.14682100957725197, 0.15093035774771124, 0.15322356403339654, 0.15346350939944386, 0.1480416184058413, 0.14990216540172696, 0.1487809690879658, 0.14978680131025612, 0.15344996831845492, 0.15780130308121443, 0.15009295044001192, 0.15449630934745073, 0.15388781449291855, 0.15093516535125673, 0.14977983804419637, 0.1497206297935918, 0.14754658553283662, 0.1438927376875654, 0.14553930517286062, 0.14634528232272714, 0.15662677644286305, 0.14170546177774668, 0.16237326490227133, 0.14895899360999465, 0.14625282934866846, 0.14271584537345916, 0.14129578252322972, 0.15087064437102526, 0.14278007636312395, 0.14125401561614126, 0.1478371670236811, 0.14492401492316276, 0.15357060451060534, 0.152933269739151, 0.16463237663265318, 0.15142111433669925, 0.14313840051181614, 0.1429904531687498, 0.14294877578504384, 0.14416173961944878, 0.14654765999875963, 0.14375594654120505, 0.14572522277012467, 0.14165915176272392, 0.15150712756440043, 0.1566971519496292, 0.15138943679630756, 0.15469551109708846, 0.13914173131342977, 0.1410637804074213, 0.14245156513061374, 0.14541559806093574, 0.13799634552560747, 0.15738800913095474, 0.14202582847792655, 0.14557541289832443, 0.14315159944817424, 0.13912930618971586, 0.1445441620890051, 0.14884604676626623, 0.13900462340097874, 0.1439959886483848, 0.13923642912413925, 0.14119809784460813, 0.14424181240610778, 0.14482868020422757, 0.16153129818849266], "loss": [5.5184551278750105, 0.17223740617434183, 0.15368371374077267, 0.15004190471437243, 0.1555754981107182, 0.15327246404356426, 0.15110781292120615, 0.15821637709935507, 0.14216307385100257, 0.14986705614460838, 0.15728880961736044, 0.1555025726556778, 0.14487895535098183, 0.14158248653014502, 0.13601397888527977, 0.14394277334213257, 0.14790820744302538, 0.14715625594059625, 0.14558272063732147, 0.13565337326791552, 0.14569863345887926, 0.14251111447811127, 0.1480172938770718, 0.15050167673163944, 0.1434593846400579, 0.1354300081729889, 0.15849610500865513, 0.14748789204491508, 0.13335741145743263, 0.14170245660675895, 0.14014007482263777, 0.13799842447042465, 0.15702426267994773, 0.14955988774696985, 0.15546744730737475, 0.15519754009114373, 0.15321220126416948, 0.138267007138994, 0.15028615461455452, 0.15153326011366314, 0.1363990588320626, 0.13773748609754774, 0.14625728958182865, 0.15630871057510376, 0.14222221738762325, 0.1592873434225718, 0.1485566794872284, 0.14749903314643437, 0.143611335919963, 0.1371595619453324, 0.1338485222723749, 0.1310844909813669, 0.13822450406021541, 0.13679097841183344, 0.14299435747994316, 0.13187279635005528, 0.13469328400161532, 0.1337721049785614, 0.1340745844774776, 0.12942906551890904, 0.13621516525745392, 0.14240063230196634, 0.12496012366480297, 0.14042589647902382, 0.13551431480381224, 0.13140834619601569, 0.14901520642969343, 0.1437493728266822, 0.13988745709260306, 0.13617328388823402, 0.13175323688321644, 0.13578047272231844, 0.12618434677521387, 0.12922430783510208, 0.13777000622616875, 0.1341364863846037, 0.1303072596589724, 0.12674502034982046, 0.1368211872047848, 0.13899282531605828, 0.12105635967519549, 0.1315021812915802, 0.12790434062480927, 0.1368150230911043, 0.13124713136090171, 0.12946591609054142, 0.1337401361929046, 0.1340557328528828, 0.1311634373333719, 0.13251487165689468, 0.1326226575507058, 0.11672872056563695, 0.1236537496248881, 0.12612852371401256, 0.12203929821650188, 0.12370110965437359, 0.11749630255831613, 0.1221675036682023, 0.11637173096338908, 0.12873632460832596],