{"val_loss": [9.092545695602894, 8.744711175560951, 8.827324651181698, 8.432438716292381, 8.499579682946205, 7.8689228892326355, 8.124911956489086, 8.634430959820747, 8.829004794359207, 8.607177518308163, 8.452689200639725, 8.46463429927826, 7.845280021429062, 8.450629346072674, 8.092787779867649, 8.137657828629017, 7.924513794481754, 8.06930337101221, 7.899148408323526, 7.941093891859055, 7.925761803984642, 8.478528946638107, 8.025243543088436, 7.805664978921413, 8.308802306652069, 8.017208896577358, 8.397035963833332, 8.208711087703705, 7.242172084748745, 8.222333997488022, 7.215802434831858, 7.772531159222126, 6.985437378287315, 6.565484669059515, 6.350814260542393, 6.175639126449823, 6.003601107746363, 5.780852779746056, 6.910097803920507, 6.028845429420471, 5.769313469529152, 5.757160510867834, 5.672610446810722, 5.3331583365798, 4.971969150006771, 5.380052801221609, 4.97529610991478, 4.511759731918573, 4.4731741435825825, 4.974027194082737, 4.0990033112466335, 4.486139070242643, 4.288541182875633, 3.880499739199877, 4.031853578984737, 4.396349500864744, 3.6680147293955088, 4.008688651025295, 3.4998079985380173, 3.64090908318758, 3.4272278752177954, 3.554024625569582, 3.620338249951601, 3.7068825755268335, 3.576598009094596, 3.923705393448472, 3.6188720818609, 4.044835798442364, 3.4199246130883694, 3.645905204117298, 3.5035194735974073, 3.3948482926934958, 3.7112181335687637, 3.574551535770297, 3.680728916078806, 3.519471200183034, 3.9416656233370304, 3.6051867567002773, 3.1917849872261286, 3.5883725471794605, 3.707162817940116, 3.498234774917364, 3.578581303358078, 3.8304130882024765, 3.5968912336975336, 3.4883048217743635, 3.687728013843298, 3.470913479104638, 3.7720141671597958, 3.4284498021006584, 3.447502551600337, 3.7376252952963114, 3.7412251327186823, 3.663832299411297, 3.7685263361781836, 3.6369126979261637, 3.6706655342131853, 3.489580415189266, 3.6261630915105343, 3.536209488287568], "val_mean_squared_error": [9.092545695602894, 8.744711175560951, 8.827324651181698, 8.432438716292381, 8.499579682946205, 7.8689228892326355, 8.124911956489086, 8.634430959820747, 8.829004794359207, 8.607177518308163, 8.452689200639725, 8.46463429927826, 7.845280021429062, 8.450629346072674, 8.092787779867649, 8.137657828629017, 7.924513794481754, 8.06930337101221, 7.899148408323526, 7.941093891859055, 7.925761803984642, 8.478528946638107, 8.025243543088436, 7.805664978921413, 8.308802306652069, 8.017208896577358, 8.397035963833332, 8.208711087703705, 7.242172084748745, 8.222333997488022, 7.215802434831858, 7.772531159222126, 6.985437378287315, 6.565484669059515, 6.350814260542393, 6.175639126449823, 6.003601107746363, 5.780852779746056, 6.910097803920507, 6.028845429420471, 5.769313469529152, 5.757160510867834, 5.672610446810722, 5.3331583365798, 4.971969150006771, 5.380052801221609, 4.97529610991478, 4.511759731918573, 4.4731741435825825, 4.974027194082737, 4.0990033112466335, 4.486139070242643, 4.288541182875633, 3.880499739199877, 4.031853578984737, 4.396349500864744, 3.6680147293955088, 4.008688651025295, 3.4998079985380173, 3.64090908318758, 3.4272278752177954, 3.554024625569582, 3.620338249951601, 3.7068825755268335, 3.576598009094596, 3.923705393448472, 3.6188720818609, 4.044835798442364, 3.4199246130883694, 3.645905204117298, 3.5035194735974073, 3.3948482926934958, 3.7112181335687637, 3.574551535770297, 3.680728916078806, 3.519471200183034, 3.9416656233370304, 3.6051867567002773, 3.1917849872261286, 3.5883725471794605, 3.707162817940116, 3.498234774917364, 3.578581303358078, 3.8304130882024765, 3.5968912336975336, 3.4883048217743635, 3.687728013843298, 3.470913479104638, 3.7720141671597958, 3.4284498021006584, 3.447502551600337, 3.7376252952963114, 3.7412251327186823, 3.663832299411297, 3.7685263361781836, 3.6369126979261637, 3.6706655342131853, 3.489580415189266, 3.6261630915105343, 3.536209488287568], "loss": [13.989361445109049, 11.49336051940918, 11.119547261132134, 9.689041455586752, 9.445837497711182, 9.290623293982613, 10.557433446248373, 9.805805259280735, 10.118786493937174, 9.620428880055746, 9.426104969448513, 8.981341361999512, 9.430428981781006, 10.409375561608208, 9.464599662356907, 11.026433414883083, 9.217785782284206, 8.824128521813286, 9.05040529039171, 9.060045136345757, 8.3499239815606, 10.698681937323677, 7.874272452460395, 9.177146752675375, 8.83549255794949, 8.866861555311415, 7.964141262902154, 8.456494649251303, 7.832613627115886, 7.9675158394707575, 9.099871529473198, 8.563631269666883, 7.878498554229736, 8.193921671973335, 6.805691295199924, 6.758817301856147, 7.216804875267877, 5.828650739457872, 5.673176129659017, 6.205275588565403, 4.6906178792317705, 5.1586677763197155, 4.771223068237305, 4.24085717731052, 3.818274868859185, 3.44317724969652, 3.0861639314227634, 3.4555721282958984, 3.228953070110745, 2.6381448109944663, 2.0379046201705933, 2.5030788448121815, 2.0608257717556424, 1.4949312607447307, 1.478331446647644, 1.349200255341, 1.2434049447377522, 1.2519460982746549, 0.9123441179593405, 0.6900896065764957, 0.5706939167446561, 0.4667685760392083, 0.42221589552031624, 0.31206046872668797, 0.28911904990673065, 0.3410782284206814, 0.2673083113299476, 0.19549125764105055, 0.21479002469115788, 0.17466995285616982, 0.1921689526902305, 0.1317257202333874, 0.09599278701676263, 0.06920944568183687, 0.05734155782394939, 0.07265343103143904, 0.054028064012527466, 0.05258061240116755, 0.03115283056265778, 0.03189824769894282, 0.020865087914797995, 0.037907583432065114, 0.027556242524749704, 0.018409615692993004, 0.0160257818384303, 0.01630817001892461, 0.008496068366285827, 0.008974119839775894, 0.006902217088888089, 0.010499627820940481, 0.008105979171685047, 0.007556057172930903, 0.006388325683979524, 0.005528172064158652, 0.005852319377784927, 0.005237138907735546, 0.004772079384161366, 0.006689919637412661, 0.005266850697807968, 0.006128578395065334], "mean_squared_error": [13.989361445109049, 11.49336051940918, 11.119547261132134, 9.689041455586752, 9.445837497711182, 9.290623293982613, 10.557433446248373, 9.805805259280735, 10.118786493937174, 9.620428880055746, 9.426104969448513, 8.981341361999512, 9.430428981781006, 10.409375561608208, 9.464599662356907, 11.026433414883083, 9.217785782284206, 8.824128521813286, 9.05040529039171, 9.060045136345757, 8.3499239815606, 10.698681937323677, 7.874272452460395, 9.177146752675375, 8.83549255794949, 8.866861555311415, 7.964141262902154, 8.456494649251303, 7.832613627115886, 7.9675158394707575, 9.099871529473198, 8.563631269666883, 7.878498554229736, 8.193921671973335, 6.805691295199924, 6.758817301856147, 7.216804875267877, 5.828650739457872, 5.673176129659017, 6.205275588565403, 4.6906178792317705, 5.1586677763197155, 4.771223068237305, 4.24085717731052, 3.818274868859185, 3.44317724969652, 3.0861639314227634, 3.4555721282958984, 3.228953070110745, 2.6381448109944663, 2.0379046201705933, 2.5030788448121815, 2.0608257717556424, 1.4949312607447307, 1.478331446647644, 1.349200255341, 1.2434049447377522, 1.2519460982746549, 0.9123441179593405, 0.6900896065764957, 0.5706939167446561, 0.4667685760392083, 0.42221589552031624, 0.31206046872668797, 0.28911904990673065, 0.3410782284206814, 0.2673083113299476, 0.19549125764105055, 0.21479002469115788, 0.17466995285616982, 0.1921689526902305, 0.1317257202333874, 0.09599278701676263, 0.06920944568183687, 0.05734155782394939, 0.07265343103143904, 0.054028064012527466, 0.05258061240116755, 0.03115283056265778, 0.03189824769894282, 0.020865087914797995, 0.037907583432065114, 0.027556242524749704, 0.018409615692993004, 0.0160257818384303, 0.01630817001892461, 0.008496068366285827, 0.008974119839775894, 0.006902217088888089, 0.010499627820940481, 0.008105979171685047, 0.007556057172930903, 0.006388325683979524, 0.005528172064158652, 0.005852319377784927, 0.005237138907735546, 0.004772079384161366, 0.006689919637412661, 0.005266850697807968, 0.006128578395065334]}