{"val_loss": [10.104796506464481, 9.747691422700882, 10.018844150006771, 9.858566112816334, 9.638021655380726, 9.759037800133228, 10.835429847240448, 10.13842410594225, 9.777705818414688, 9.41048365086317, 9.46792507916689, 8.993639186024666, 8.553705222904682, 8.685516402125359, 8.131358675658703, 8.208444148302078, 9.148671552538872, 7.5014145746827126, 7.153902813792229, 6.710074432194233, 7.402425155043602, 6.563567750155926, 7.84365838766098, 6.550406813621521, 6.04251229763031, 6.086956523358822, 5.73306979984045, 5.413667779415846, 5.279676795005798, 5.130026329308748, 4.952035296708345, 4.782496087253094, 6.430527314543724, 5.095174208283424, 4.713865008205175, 4.586952995508909, 4.97529437020421, 4.636671416461468, 4.313007332384586, 4.292116865515709, 4.549394842237234, 4.460041578859091, 4.072811491787434, 4.292883090674877, 4.1978589706122875, 3.7683163844048977, 3.699338961392641, 3.8221557587385178, 3.839633196592331, 3.8082461152225733, 3.627466641366482, 3.6242599822580814, 3.41423474624753, 3.724013563245535, 3.5800528340041637, 3.644279334694147, 3.9056297577917576, 3.593905821442604, 3.512588754296303, 3.516091961413622, 3.5862325727939606, 3.585648652166128, 3.5427889078855515, 3.43609831482172, 3.427885362878442, 3.263607442378998, 3.48764219135046, 3.076744941994548, 3.306995941326022, 3.3978502359241247, 3.30559354275465, 3.3860227186232805, 3.2515297792851925, 3.451210781931877, 3.426734834909439, 3.363687574863434, 3.3956687934696674, 3.389225134626031, 3.39185125567019, 3.3933655377477407, 3.3955417834222317, 3.348528381437063, 3.257101522758603, 3.28592986240983, 3.4617025945335627, 3.364818502217531, 3.426952887326479, 3.3288267590105534, 3.2239402532577515, 3.0906892586499453, 3.3233005180954933, 3.284923555329442, 3.2632989827543497, 3.2271171752363443, 3.3984320629388094, 3.252612091600895, 3.3957191482186317, 3.2649005707353354, 3.217156171798706, 3.1950821802020073], "val_mean_squared_error": [10.104796506464481, 9.747691422700882, 10.018844150006771, 9.858566112816334, 9.638021655380726, 9.759037800133228, 10.835429847240448, 10.13842410594225, 9.777705818414688, 9.41048365086317, 9.46792507916689, 8.993639186024666, 8.553705222904682, 8.685516402125359, 8.131358675658703, 8.208444148302078, 9.148671552538872, 7.5014145746827126, 7.153902813792229, 6.710074432194233, 7.402425155043602, 6.563567750155926, 7.84365838766098, 6.550406813621521, 6.04251229763031, 6.086956523358822, 5.73306979984045, 5.413667779415846, 5.279676795005798, 5.130026329308748, 4.952035296708345, 4.782496087253094, 6.430527314543724, 5.095174208283424, 4.713865008205175, 4.586952995508909, 4.97529437020421, 4.636671416461468, 4.313007332384586, 4.292116865515709, 4.549394842237234, 4.460041578859091, 4.072811491787434, 4.292883090674877, 4.1978589706122875, 3.7683163844048977, 3.699338961392641, 3.8221557587385178, 3.839633196592331, 3.8082461152225733, 3.627466641366482, 3.6242599822580814, 3.41423474624753, 3.724013563245535, 3.5800528340041637, 3.644279334694147, 3.9056297577917576, 3.593905821442604, 3.512588754296303, 3.516091961413622, 3.5862325727939606, 3.585648652166128, 3.5427889078855515, 3.43609831482172, 3.427885362878442, 3.263607442378998, 3.48764219135046, 3.076744941994548, 3.306995941326022, 3.3978502359241247, 3.30559354275465, 3.3860227186232805, 3.2515297792851925, 3.451210781931877, 3.426734834909439, 3.363687574863434, 3.3956687934696674, 3.389225134626031, 3.39185125567019, 3.3933655377477407, 3.3955417834222317, 3.348528381437063, 3.257101522758603, 3.28592986240983, 3.4617025945335627, 3.364818502217531, 3.426952887326479, 3.3288267590105534, 3.2239402532577515, 3.0906892586499453, 3.3233005180954933, 3.284923555329442, 3.2632989827543497, 3.2271171752363443, 3.3984320629388094, 3.252612091600895, 3.3957191482186317, 3.2649005707353354, 3.217156171798706, 3.1950821802020073], "loss": [13.954140557183159, 10.648600578308105, 10.16507069269816, 10.344104766845703, 10.355990727742514, 10.019693692525228, 10.98587269253201, 10.524968571133083, 9.942121399773491, 9.68887668185764, 9.204924477471245, 8.814240349663628, 8.618557135264078, 8.490916675991482, 7.6167778968811035, 7.804817835489909, 7.4526657528347435, 6.912829664018419, 6.956821865505642, 5.8616706530253095, 5.7151785426669655, 5.849904961056179, 5.497406694624159, 5.854128837585449, 4.774816354115804, 4.436665773391724, 4.037072976430257, 4.313271549012926, 3.3198886977301703, 2.853754679361979, 2.8227549261516995, 2.8717598385281033, 2.784601012865702, 3.4782649676005044, 3.0036347177293568, 2.245412760310703, 2.1513259013493857, 1.8885575466685824, 1.4194159242841933, 1.6941061814626057, 1.604918188518948, 1.4020819200409784, 1.1035427517361112, 0.8681390484174093, 0.9298811554908752, 0.9616643256611295, 0.6005560788843367, 0.5736557874414656, 0.48764534129036796, 0.5795934597651163, 0.4773680931992001, 0.36512066920598346, 0.29793186320198906, 0.23907113240824807, 0.31002452472845715, 0.3481638762685988, 0.45505380299356246, 0.33590464459525216, 0.2845587299929725, 0.22881676422225106, 0.22001856731043923, 0.20767641233073342, 0.17439228627416822, 0.15465155492226282, 0.13143082625336117, 0.0968173055185212, 0.07324118663867314, 0.06310915657215649, 0.08144329571061665, 0.0746252408458127, 0.05582685892780622, 0.05110822286870745, 0.05457644330130683, 0.06052324134442541, 0.058536893791622586, 0.06479549325174755, 0.06243309647672706, 0.04335933840937085, 0.037660845244924225, 0.024522438024481136, 0.02529861529668172, 0.018086694387925997, 0.01697226758632395, 0.015973498423894245, 0.014871989583803548, 0.011245034893767701, 0.008304491949578127, 0.010614342159695096, 0.012715655896398757, 0.01205198254643215, 0.011812123521748517, 0.0141680214761032, 0.011409458083411058, 0.008914583103938235, 0.01303653030966719, 0.013206075100849072, 0.010527299665328529, 0.010133948280579515, 0.005843513127830293, 0.004470681461195151], "mean_squared_error": [13.954140557183159, 10.648600578308105, 10.16507069269816, 10.344104766845703, 10.355990727742514, 10.019693692525228, 10.98587269253201, 10.524968571133083, 9.942121399773491, 9.68887668185764, 9.204924477471245, 8.814240349663628, 8.618557135264078, 8.490916675991482, 7.6167778968811035, 7.804817835489909, 7.4526657528347435, 6.912829664018419, 6.956821865505642, 5.8616706530253095, 5.7151785426669655, 5.849904961056179, 5.497406694624159, 5.854128837585449, 4.774816354115804, 4.436665773391724, 4.037072976430257, 4.313271549012926, 3.3198886977301703, 2.853754679361979, 2.8227549261516995, 2.8717598385281033, 2.784601012865702, 3.4782649676005044, 3.0036347177293568, 2.245412760310703, 2.1513259013493857, 1.8885575466685824, 1.4194159242841933, 1.6941061814626057, 1.604918188518948, 1.4020819200409784, 1.1035427517361112, 0.8681390484174093, 0.9298811554908752, 0.9616643256611295, 0.6005560788843367, 0.5736557874414656, 0.48764534129036796, 0.5795934597651163, 0.4773680931992001, 0.36512066920598346, 0.29793186320198906, 0.23907113240824807, 0.31002452472845715, 0.3481638762685988, 0.45505380299356246, 0.33590464459525216, 0.2845587299929725, 0.22881676422225106, 0.22001856731043923, 0.20767641233073342, 0.17439228627416822, 0.15465155492226282, 0.13143082625336117, 0.0968173055185212, 0.07324118663867314, 0.06310915657215649, 0.08144329571061665, 0.0746252408458127, 0.05582685892780622, 0.05110822286870745, 0.05457644330130683, 0.06052324134442541, 0.058536893791622586, 0.06479549325174755, 0.06243309647672706, 0.04335933840937085, 0.037660845244924225, 0.024522438024481136, 0.02529861529668172, 0.018086694387925997, 0.01697226758632395, 0.015973498423894245, 0.014871989583803548, 0.011245034893767701, 0.008304491949578127, 0.010614342159695096, 0.012715655896398757, 0.01205198254643215, 0.011812123521748517, 0.0141680214761032, 0.011409458083411058, 0.008914583103938235, 0.01303653030966719, 0.013206075100849072, 0.010527299665328529, 0.010133948280579515, 0.005843513127830293, 0.004470681461195151]}