{"val_loss": [0.05850780417677015, 0.015889300411799923, 0.009837850302574225, 0.009249253336747643, 0.008977427474746946, 0.008561883652873803, 0.00964115569513524, 0.00873388192121638, 0.008574343191867229, 0.007925990314106457, 0.008075620971794706, 0.007879633201810066, 0.00767918216297403, 0.0076397715747589245, 0.00743967191374395, 0.007329384701733943, 0.007414172629069071, 0.006988093620748259, 0.007256327662616968, 0.006861733992991503, 0.007162251298723277, 0.006759670694009401, 0.006751886219717562, 0.006894132791785523, 0.007058776202029549, 0.006855380845081527, 0.006722454170812853, 0.006514256019727327, 0.006591647208551876, 0.006383613115758635, 0.006299254026089329, 0.006720504970871843, 0.00632226016750792, 0.006840509900939651, 0.006627938571909908, 0.006550061400048435, 0.006310128963377792, 0.006711061752866954, 0.006881261550006457, 0.00628962172777392, 0.00613875595445279, 0.006220751274668146, 0.00591826974414289, 0.0058691758385975845, 0.0062128552453941666, 0.0057795017783064395, 0.0056208175083156675, 0.00598372576496331, 0.005938342641456984, 0.0060384093594620936, 0.005928729406150524, 0.005629026327369502, 0.006516555651614908, 0.005631547872326337, 0.005460156891786028, 0.005829913083289284, 0.005596756927843671, 0.0056291856308234856, 0.005720945533539634, 0.00540442071724101, 0.005379695576266386, 0.005581263656495139, 0.005187478469451889, 0.005332963715773076, 0.005404711711889831, 0.005591105822531972, 0.006250885875488166, 0.005379309161071433, 0.005377693552873097, 0.005697454693290638, 0.0050239381671417505, 0.0049523416710144375, 0.005232176834397251, 0.00556175301244366, 0.005387699340644758, 0.005118142089486355, 0.005884314115974121, 0.005388225843489636, 0.0056233349241665564, 0.0055995070542849135, 0.0058830202906392515, 0.005315243215591181, 0.005643924592732219, 0.005085574121039826, 0.00576170337444637, 0.005006758099625586, 0.005828744047903456, 0.005165381913684541, 0.005335134097549599, 0.005621076194074703, 0.005219268536166055, 0.005737790910643525, 0.005995904717565281, 0.005390731210354716, 0.005107768225570908, 0.0054459764396597166, 0.005722452107875142, 0.005615993220999371, 0.005073574036941864, 0.005489163100719452], "val_mean_squared_error": [0.05850780417677015, 0.015889300411799923, 0.009837850302574225, 0.009249253336747643, 0.008977427474746946, 0.008561883652873803, 0.00964115569513524, 0.00873388192121638, 0.008574343191867229, 0.007925990314106457, 0.008075620971794706, 0.007879633201810066, 0.00767918216297403, 0.0076397715747589245, 0.00743967191374395, 0.007329384701733943, 0.007414172629069071, 0.006988093620748259, 0.007256327662616968, 0.006861733992991503, 0.007162251298723277, 0.006759670694009401, 0.006751886219717562, 0.006894132791785523, 0.007058776202029549, 0.006855380845081527, 0.006722454170812853, 0.006514256019727327, 0.006591647208551876, 0.006383613115758635, 0.006299254026089329, 0.006720504970871843, 0.00632226016750792, 0.006840509900939651, 0.006627938571909908, 0.006550061400048435, 0.006310128963377792, 0.006711061752866954, 0.006881261550006457, 0.00628962172777392, 0.00613875595445279, 0.006220751274668146, 0.00591826974414289, 0.0058691758385975845, 0.0062128552453941666, 0.0057795017783064395, 0.0056208175083156675, 0.00598372576496331, 0.005938342641456984, 0.0060384093594620936, 0.005928729406150524, 0.005629026327369502, 0.006516555651614908, 0.005631547872326337, 0.005460156891786028, 0.005829913083289284, 0.005596756927843671, 0.0056291856308234856, 0.005720945533539634, 0.00540442071724101, 0.005379695576266386, 0.005581263656495139, 0.005187478469451889, 0.005332963715773076, 0.005404711711889831, 0.005591105822531972, 0.006250885875488166, 0.005379309161071433, 0.005377693552873097, 0.005697454693290638, 0.0050239381671417505, 0.0049523416710144375, 0.005232176834397251, 0.00556175301244366, 0.005387699340644758, 0.005118142089486355, 0.005884314115974121, 0.005388225843489636, 0.0056233349241665564, 0.0055995070542849135, 0.0058830202906392515, 0.005315243215591181, 0.005643924592732219, 0.005085574121039826, 0.00576170337444637, 0.005006758099625586, 0.005828744047903456, 0.005165381913684541, 0.005335134097549599, 0.005621076194074703, 0.005219268536166055, 0.005737790910643525, 0.005995904717565281, 0.005390731210354716, 0.005107768225570908, 0.0054459764396597166, 0.005722452107875142, 0.005615993220999371, 0.005073574036941864, 0.005489163100719452], "loss": [5.145529915889104, 0.02358677176137765, 0.012406497572859129, 0.009554793333841695, 0.008343264357083373, 0.008240444689161248, 0.007501050157265531, 0.008133003229482306, 0.008042790150890747, 0.007254691277113225, 0.007470394122517771, 0.006909520003116793, 0.006453318935301568, 0.006789151268700759, 0.00647156582110458, 0.005962366496937143, 0.006184141669008467, 0.006035023058454196, 0.005985234605355395, 0.005835871315664715, 0.005462031294074323, 0.005575321718222565, 0.005548272592326005, 0.005172858480364084, 0.00531221248416437, 0.004859230222387446, 0.004809726650516192, 0.0046955869119200445, 0.0053799952535579605, 0.004558274936344888, 0.004605020008360346, 0.005209511145949364, 0.004438942763954401, 0.004826438820196522, 0.004334293280003799, 0.0047131057104302775, 0.004101458781709273, 0.004346908613418539, 0.004548441980861955, 0.0041595260457446175, 0.004264996800985601, 0.004139813284079234, 0.004223928165932496, 0.003513072513871723, 0.003181465772084064, 0.0035183759820130137, 0.004108857544552948, 0.0035154341409603753, 0.003477319117842449, 0.0032585269978476893, 0.0035216087837600047, 0.0032418318765444886, 0.0034057480903963246, 0.0032698120921850204, 0.0032488229270610544, 0.0031290962878200742, 0.00323743580116166, 0.0033383631768325963, 0.00335438818567329, 0.0032499096252852017, 0.0030349789497752986, 0.002917672869645887, 0.0031085690069529745, 0.0029782950619442593, 0.002952681181745397, 0.002984806636555327, 0.002814947808575299, 0.0029744827964653573, 0.0028234951767242616, 0.0027297366307013566, 0.002730846767210298, 0.00259346517527269, 0.002745453384704888, 0.002608634156381918, 0.0025864902030055723, 0.002507636504661706, 0.0027855917449212736, 0.0025875230526758563, 0.002420698965175284, 0.0023735955409291717, 0.0025006215760691296, 0.002530975914042857, 0.0023168789015875924, 0.002134068998404675, 0.002184358580658833, 0.002720199499486221, 0.002316383373302718, 0.00261046245901121, 0.0024250560543603366, 0.002446691233975192, 0.002570318937715557, 0.0025533469419719446, 0.002377942825357119, 0.0023935454664751887, 0.002043384036773609, 0.002173422745222019, 0.0021673396566054886, 0.002431938748082353, 0.0024338368740346697, 0.002010694161678354],