{"val_loss": [291.7911283969879, 295.49463629722595, 292.292542219162, 299.87540197372437, 289.73104763031006, 281.5772211551666, 290.3201160430908, 285.9094626903534, 291.9275517463684, 287.26768374443054, 302.0185673236847, 290.6360728740692, 290.10666823387146, 285.4393615722656, 284.4443144798279, 303.7117052078247, 299.70912075042725, 304.96296072006226, 298.30262088775635, 296.01097440719604, 293.11159443855286, 287.3156087398529, 294.3532123565674, 298.64932131767273, 282.2161476612091, 299.9375717639923, 300.6135358810425, 292.3467915058136, 312.7152030467987, 289.9357018470764, 292.30734729766846, 286.346985578537, 279.4600028991699, 301.27073311805725, 291.6563892364502, 283.8122560977936, 293.157413482666, 293.1933970451355, 294.8045358657837, 287.8537383079529, 283.39346504211426, 296.5729253292084, 289.74818325042725, 305.3420054912567, 296.2614424228668, 286.2171094417572, 288.6683084964752, 287.82073402404785, 294.4467828273773, 292.86465215682983, 273.79585909843445, 303.57454204559326, 301.3637089729309, 286.04079127311707, 278.646053314209, 280.6498215198517, 277.6497287750244, 282.27032923698425, 292.746221780777, 286.43469429016113, 281.0341980457306, 283.3496527671814, 290.2929890155792, 303.62282490730286, 289.7868354320526, 286.9219284057617, 296.6224663257599, 297.67876172065735, 286.51895022392273, 295.3711485862732, 280.7189259529114, 284.5493757724762, 284.14795684814453, 284.74594807624817, 281.2610054016113, 277.62177062034607, 297.96104526519775, 282.7643973827362, 296.40053272247314, 299.31119298934937, 306.44494915008545, 289.818318605423, 285.1256911754608, 290.3595771789551, 299.7604167461395, 311.9768216609955, 288.7786386013031, 295.0341076850891, 281.52158093452454, 296.73158955574036, 288.11601281166077, 286.56604766845703, 285.70520663261414, 298.78416776657104, 289.6811249256134, 297.7216260433197, 293.379207611084, 282.6145260334015, 292.6596655845642, 295.7622277736664], "val_mean_squared_error": [291.7911283969879, 295.49463629722595, 292.292542219162, 299.87540197372437, 289.73104763031006, 281.5772211551666, 290.3201160430908, 285.9094626903534, 291.9275517463684, 287.26768374443054, 302.0185673236847, 290.6360728740692, 290.10666823387146, 285.4393615722656, 284.4443144798279, 303.7117052078247, 299.70912075042725, 304.96296072006226, 298.30262088775635, 296.01097440719604, 293.11159443855286, 287.3156087398529, 294.3532123565674, 298.64932131767273, 282.2161476612091, 299.9375717639923, 300.6135358810425, 292.3467915058136, 312.7152030467987, 289.9357018470764, 292.30734729766846, 286.346985578537, 279.4600028991699, 301.27073311805725, 291.6563892364502, 283.8122560977936, 293.157413482666, 293.1933970451355, 294.8045358657837, 287.8537383079529, 283.39346504211426, 296.5729253292084, 289.74818325042725, 305.3420054912567, 296.2614424228668, 286.2171094417572, 288.6683084964752, 287.82073402404785, 294.4467828273773, 292.86465215682983, 273.79585909843445, 303.57454204559326, 301.3637089729309, 286.04079127311707, 278.646053314209, 280.6498215198517, 277.6497287750244, 282.27032923698425, 292.746221780777, 286.43469429016113, 281.0341980457306, 283.3496527671814, 290.2929890155792, 303.62282490730286, 289.7868354320526, 286.9219284057617, 296.6224663257599, 297.67876172065735, 286.51895022392273, 295.3711485862732, 280.7189259529114, 284.5493757724762, 284.14795684814453, 284.74594807624817, 281.2610054016113, 277.62177062034607, 297.96104526519775, 282.7643973827362, 296.40053272247314, 299.31119298934937, 306.44494915008545, 289.818318605423, 285.1256911754608, 290.3595771789551, 299.7604167461395, 311.9768216609955, 288.7786386013031, 295.0341076850891, 281.52158093452454, 296.73158955574036, 288.11601281166077, 286.56604766845703, 285.70520663261414, 298.78416776657104, 289.6811249256134, 297.7216260433197, 293.379207611084, 282.6145260334015, 292.6596655845642, 295.7622277736664], "loss": [349.83019680447046, 338.0257636176215, 311.6201985677083, 320.6268564860026, 339.4004431830512, 382.52250501844617, 359.34407382541235, 326.11910671657984, 307.10797627766925, 321.8326110839844, 330.69944254557294, 352.0097147623698, 333.2633582221137, 370.14404635959204, 361.94664510091144, 338.6787109375, 385.6178385416667, 368.6012929280599, 342.5735626220703, 368.77573649088544, 314.9218478732639, 378.78946601019965, 365.24084133572046, 319.9146728515625, 362.59440443250867, 403.88909912109375, 357.7083452012804, 333.5066392686632, 326.49903869628906, 295.15464952256946, 314.1661258273655, 329.32518683539496, 307.0286170111762, 328.2999437120226, 342.1184268527561, 333.31243218315973, 352.54931301540796, 326.4601881239149, 296.26048956976996, 319.4689297146267, 336.43265618218317, 300.94270494249133, 374.2026774088542, 333.59251912434894, 351.34407212999133, 356.26935492621527, 328.3014899359809, 328.3284437391493, 360.40771484375, 310.69843037923175, 358.9523230658637, 382.3752678765191, 324.39741855197485, 349.4721204969618, 347.28492736816406, 332.26849365234375, 315.09918891059027, 315.7892795138889, 293.7183888753255, 319.3828701443142, 296.58268059624567, 301.98455810546875, 385.2201402452257, 333.4769931369358, 293.127436319987, 360.9808841281467, 334.54888237847223, 343.3736877441406, 347.6014166937934, 350.24935574001734, 391.53160603841144, 334.47200859917535, 357.22076585557727, 356.0471666124132, 314.17584228515625, 328.49043443467883, 353.7408633761936, 314.4342973497179, 340.94237942165796, 385.087897406684, 363.2972106933594, 319.85338338216144, 388.14049445258246, 398.9902513292101, 315.4390597873264, 388.5433112250434, 352.0546875, 362.12821112738715, 327.9996405707465, 348.8533630371094, 327.96241590711804, 328.931408352322, 341.6041429307726, 384.69568210177954, 333.43094719780817, 301.9049021402995, 378.4439205593533, 341.57599555121527, 293.5639919704861, 318.66109551323785], "mean_squared_error": [349.83019680447046, 338.0257636176215, 311.6201985677083, 320.6268564860026, 339.4004431830512, 382.52250501844617, 359.34407382541235, 326.11910671657984, 307.10797627766925, 321.8326110839844, 330.69944254557294, 352.0097147623698, 333.2633582221137, 370.14404635959204, 361.94664510091144, 338.6787109375, 385.6178385416667, 368.6012929280599, 342.5735626220703, 368.77573649088544, 314.9218478732639, 378.78946601019965, 365.24084133572046, 319.9146728515625, 362.59440443250867, 403.88909912109375, 357.7083452012804, 333.5066392686632, 326.49903869628906, 295.15464952256946, 314.1661258273655, 329.32518683539496, 307.0286170111762, 328.2999437120226, 342.1184268527561, 333.31243218315973, 352.54931301540796, 326.4601881239149, 296.26048956976996, 319.4689297146267, 336.43265618218317, 300.94270494249133, 374.2026774088542, 333.59251912434894, 351.34407212999133, 356.26935492621527, 328.3014899359809, 328.3284437391493, 360.40771484375, 310.69843037923175, 358.9523230658637, 382.3752678765191, 324.39741855197485, 349.4721204969618, 347.28492736816406, 332.26849365234375, 315.09918891059027, 315.7892795138889, 293.7183888753255, 319.3828701443142, 296.58268059624567, 301.98455810546875, 385.2201402452257, 333.4769931369358, 293.127436319987, 360.9808841281467, 334.54888237847223, 343.3736877441406, 347.6014166937934, 350.24935574001734, 391.53160603841144, 334.47200859917535, 357.22076585557727, 356.0471666124132, 314.17584228515625, 328.49043443467883, 353.7408633761936, 314.4342973497179, 340.94237942165796, 385.087897406684, 363.2972106933594, 319.85338338216144, 388.14049445258246, 398.9902513292101, 315.4390597873264, 388.5433112250434, 352.0546875, 362.12821112738715, 327.9996405707465, 348.8533630371094, 327.96241590711804, 328.931408352322, 341.6041429307726, 384.69568210177954, 333.43094719780817, 301.9049021402995, 378.4439205593533, 341.57599555121527, 293.5639919704861, 318.66109551323785]}