{"val_loss": [435.1874358654022, 418.98580265045166, 427.2899844646454, 429.6627471446991, 440.4892966747284, 426.39156436920166, 431.4552102088928, 427.1141173839569, 439.72223353385925, 435.1257288455963, 403.1750545501709, 429.910608291626, 421.4328374862671, 455.8945028781891, 419.62855076789856, 390.9887113571167, 444.2220666408539, 426.08734011650085, 411.36320543289185, 405.1297724246979, 428.93852949142456, 418.29895997047424, 431.47832918167114, 417.841548204422, 416.4559850692749, 418.14545607566833, 412.0202226638794, 419.9649336338043, 407.37594270706177, 407.94086837768555, 369.3187298774719, 421.22377490997314, 418.5613639354706, 414.4516296386719, 393.80441403388977, 418.4247930049896, 380.4722204208374, 375.106228351593, 369.8123733997345, 405.1243348121643, 340.4262068271637, 338.52419114112854, 323.5066101551056, 307.2358057498932, 310.6899492740631, 346.85876274108887, 354.02406215667725, 264.0674922466278, 244.09376776218414, 265.60363483428955, 225.47958409786224, 294.89262342453003, 228.82556819915771, 240.581556558609, 235.51013016700745, 221.0805424451828, 210.2085703611374, 192.15763533115387, 203.1209670305252, 168.11564588546753, 174.4654141664505, 177.04936516284943, 210.32694554328918, 192.24935376644135, 150.4549576640129, 156.65093767642975, 148.00022840499878, 171.06792557239532, 143.77636420726776, 136.17179507017136, 126.27443879842758, 135.15520173311234, 126.52441829442978, 129.3449717760086, 141.0446972846985, 137.3234144449234, 143.90237736701965, 125.44751179218292, 132.31895542144775, 124.82891243696213, 133.85482919216156, 124.45821565389633, 132.1731584072113, 117.1289878487587, 135.16736936569214, 124.05125325918198, 120.99377739429474, 125.50093179941177, 132.67667758464813, 120.04487490653992, 123.04721510410309, 131.4247088432312, 131.67284858226776, 127.72053343057632, 117.07216686010361, 123.47759687900543, 122.26862102746964, 127.2952201962471, 134.01458889245987, 124.93710380792618], "val_mean_squared_error": [435.1874358654022, 418.98580265045166, 427.2899844646454, 429.6627471446991, 440.4892966747284, 426.39156436920166, 431.4552102088928, 427.1141173839569, 439.72223353385925, 435.1257288455963, 403.1750545501709, 429.910608291626, 421.4328374862671, 455.8945028781891, 419.62855076789856, 390.9887113571167, 444.2220666408539, 426.08734011650085, 411.36320543289185, 405.1297724246979, 428.93852949142456, 418.29895997047424, 431.47832918167114, 417.841548204422, 416.4559850692749, 418.14545607566833, 412.0202226638794, 419.9649336338043, 407.37594270706177, 407.94086837768555, 369.3187298774719, 421.22377490997314, 418.5613639354706, 414.4516296386719, 393.80441403388977, 418.4247930049896, 380.4722204208374, 375.106228351593, 369.8123733997345, 405.1243348121643, 340.4262068271637, 338.52419114112854, 323.5066101551056, 307.2358057498932, 310.6899492740631, 346.85876274108887, 354.02406215667725, 264.0674922466278, 244.09376776218414, 265.60363483428955, 225.47958409786224, 294.89262342453003, 228.82556819915771, 240.581556558609, 235.51013016700745, 221.0805424451828, 210.2085703611374, 192.15763533115387, 203.1209670305252, 168.11564588546753, 174.4654141664505, 177.04936516284943, 210.32694554328918, 192.24935376644135, 150.4549576640129, 156.65093767642975, 148.00022840499878, 171.06792557239532, 143.77636420726776, 136.17179507017136, 126.27443879842758, 135.15520173311234, 126.52441829442978, 129.3449717760086, 141.0446972846985, 137.3234144449234, 143.90237736701965, 125.44751179218292, 132.31895542144775, 124.82891243696213, 133.85482919216156, 124.45821565389633, 132.1731584072113, 117.1289878487587, 135.16736936569214, 124.05125325918198, 120.99377739429474, 125.50093179941177, 132.67667758464813, 120.04487490653992, 123.04721510410309, 131.4247088432312, 131.67284858226776, 127.72053343057632, 117.07216686010361, 123.47759687900543, 122.26862102746964, 127.2952201962471, 134.01458889245987, 124.93710380792618], "loss": [646.0071512858073, 600.0377705891927, 608.450463189019, 654.527086046007, 571.4403381347656, 628.439710828993, 581.161841498481, 695.0817396375868, 632.656263563368, 663.5083482530382, 602.8593817816841, 647.9762573242188, 613.8619147406685, 633.1778462727865, 587.3314548068577, 753.6400349934896, 613.1494411892361, 708.7118292914497, 579.8665839301216, 597.6224229600695, 623.1782938639323, 737.6332329644097, 588.0460001627604, 637.3953009711372, 563.2638990614149, 675.6182115342882, 550.704359266493, 654.2121073404948, 636.1365492078993, 554.4182976616753, 672.4991794162327, 638.1560804578993, 623.0434739854601, 626.4077521430122, 681.2603386773003, 594.003394232856, 518.6896396213108, 549.7262369791666, 535.9589470757378, 480.8408915201823, 508.0087483723958, 432.4073181152344, 414.4309997558594, 464.9794514973958, 316.0134446885851, 362.10466851128473, 302.1348012288411, 306.0665045844184, 254.66800265842014, 246.1165279812283, 222.75145297580295, 198.89515177408853, 190.8917761908637, 169.2778566148546, 139.6589855617947, 125.81046125623915, 137.7606404622396, 97.23086717393663, 109.63958570692274, 90.67886691623264, 83.01615651448567, 86.51878399319119, 89.08781305948894, 67.34249369303386, 62.04699240790473, 53.79362572564019, 46.32775688171387, 38.090079413519966, 35.8290818532308, 26.046781327989365, 21.412800470987957, 20.447109858194988, 17.706047693888348, 14.567146831088596, 18.16355546315511, 18.017384847005207, 12.552835782368978, 12.113124158647326, 11.894671334160698, 7.983135011461046, 9.050858868492973, 8.087692048814562, 7.0991489092508955, 6.422338512208727, 5.569463835822211, 5.979756249321832, 5.898220353656345, 5.422944572236803, 5.827906820509169, 5.995170513788859, 4.496533539560106, 4.093317773607042, 3.2515821324454413, 3.7407671875423856, 3.8799160718917847, 3.0297270748350353, 2.7134993738598294, 2.6930460929870605, 2.8285684718026056, 3.5936056243048773], "mean_squared_error": [646.0071512858073, 600.0377705891927, 608.450463189019, 654.527086046007, 571.4403381347656, 628.439710828993, 581.161841498481, 695.0817396375868, 632.656263563368, 663.5083482530382, 602.8593817816841, 647.9762573242188, 613.8619147406685, 633.1778462727865, 587.3314548068577, 753.6400349934896, 613.1494411892361, 708.7118292914497, 579.8665839301216, 597.6224229600695, 623.1782938639323, 737.6332329644097, 588.0460001627604, 637.3953009711372, 563.2638990614149, 675.6182115342882, 550.704359266493, 654.2121073404948, 636.1365492078993, 554.4182976616753, 672.4991794162327, 638.1560804578993, 623.0434739854601, 626.4077521430122, 681.2603386773003, 594.003394232856, 518.6896396213108, 549.7262369791666, 535.9589470757378, 480.8408915201823, 508.0087483723958, 432.4073181152344, 414.4309997558594, 464.9794514973958, 316.0134446885851, 362.10466851128473, 302.1348012288411, 306.0665045844184, 254.66800265842014, 246.1165279812283, 222.75145297580295, 198.89515177408853, 190.8917761908637, 169.2778566148546, 139.6589855617947, 125.81046125623915, 137.7606404622396, 97.23086717393663, 109.63958570692274, 90.67886691623264, 83.01615651448567, 86.51878399319119, 89.08781305948894, 67.34249369303386, 62.04699240790473, 53.79362572564019, 46.32775688171387, 38.090079413519966, 35.8290818532308, 26.046781327989365, 21.412800470987957, 20.447109858194988, 17.706047693888348, 14.567146831088596, 18.16355546315511, 18.017384847005207, 12.552835782368978, 12.113124158647326, 11.894671334160698, 7.983135011461046, 9.050858868492973, 8.087692048814562, 7.0991489092508955, 6.422338512208727, 5.569463835822211, 5.979756249321832, 5.898220353656345, 5.422944572236803, 5.827906820509169, 5.995170513788859, 4.496533539560106, 4.093317773607042, 3.2515821324454413, 3.7407671875423856, 3.8799160718917847, 3.0297270748350353, 2.7134993738598294, 2.6930460929870605, 2.8285684718026056, 3.5936056243048773]}