{"val_loss": [0.13497335056308657, 0.027354198769899085, 0.005962322560662869, 0.0018446810063323937, 0.0010124257942152326, 0.0008720031601114897, 0.0006500787035292888, 0.0005906735723328893, 0.0004798445413598529, 0.00047505849670415046, 0.0004511524612098583, 0.00043675034521584166, 0.00041275523585682095, 0.0004572795032800059, 0.0004177931859885575, 0.0003865291168949625, 0.00041586303836993466, 0.00043825770717376145, 0.0004256004224316712, 0.0004115475212529418, 0.0003559175245300139, 0.0003722286448919476, 0.00035818434457723924, 0.0003364868764492712, 0.00034389041047688806, 0.00034659864968489273, 0.00034477988720027497, 0.0003338895423894428, 0.0003210705817764392, 0.0003426520993343729, 0.00033137022114715364, 0.00032351340428249387, 0.00028895009495499835, 0.00030105404789537715, 0.0003304258243588265, 0.000300254384683285, 0.00028652153412167536, 0.0002737717986747157, 0.0002475507000099242, 0.0003076353207234206, 0.00024434870840650547, 0.00028051130470885255, 0.0002730817491283233, 0.0002904976896616063, 0.00026629806757227925, 0.0002740433210419724, 0.00024023785817917087, 0.00021652974692187854, 0.00024762716577697574, 0.00028308967409884644, 0.00026193965891252446, 0.0002737825259373494, 0.00023563620186450862, 0.0002798149946556805, 0.00026494879045912967, 0.000242369317675184, 0.00022299018564808648, 0.00022898316694863752, 0.00021777350571028364, 0.00021907422967615275, 0.00020792708778571978, 0.0002510024517050624, 0.00023632991974409379, 0.0002216265463630407, 0.0002497078645546935, 0.00020977949554890074, 0.00021487727974545123, 0.00022661187222183798, 0.00021726802003740886, 0.00021260499033814995, 0.00019892278760380577, 0.00019969090294580383, 0.00020591673751368944, 0.00021215169817878632, 0.00023353079313892522, 0.00020343776668596547, 0.0002230721780733802, 0.00022939313316783227, 0.00020932943880325183, 0.00023054352925555577, 0.00022093016286817146, 0.00023538786808785517, 0.0002395078747667867, 0.00019941595712680282, 0.0002202565882498675, 0.0002208779699230945, 0.00020769347304394614, 0.0002316007240210638, 0.00023417621935095667, 0.0002266987729626635, 0.00027164179664396215, 0.00022434904883539275, 0.0002108701490897147, 0.00019368301809663535, 0.00021109603551394684, 0.00024224912635872897, 0.00022584437425621218, 0.00023633064199657383, 0.00019848507974984386, 0.00021128021626282134], "val_mean_squared_error": [0.13497335056308657, 0.027354198769899085, 0.005962322560662869, 0.0018446810063323937, 0.0010124257942152326, 0.0008720031601114897, 0.0006500787035292888, 0.0005906735723328893, 0.0004798445413598529, 0.00047505849670415046, 0.0004511524612098583, 0.00043675034521584166, 0.00041275523585682095, 0.0004572795032800059, 0.0004177931859885575, 0.0003865291168949625, 0.00041586303836993466, 0.00043825770717376145, 0.0004256004224316712, 0.0004115475212529418, 0.0003559175245300139, 0.0003722286448919476, 0.00035818434457723924, 0.0003364868764492712, 0.00034389041047688806, 0.00034659864968489273, 0.00034477988720027497, 0.0003338895423894428, 0.0003210705817764392, 0.0003426520993343729, 0.00033137022114715364, 0.00032351340428249387, 0.00028895009495499835, 0.00030105404789537715, 0.0003304258243588265, 0.000300254384683285, 0.00028652153412167536, 0.0002737717986747157, 0.0002475507000099242, 0.0003076353207234206, 0.00024434870840650547, 0.00028051130470885255, 0.0002730817491283233, 0.0002904976896616063, 0.00026629806757227925, 0.0002740433210419724, 0.00024023785817917087, 0.00021652974692187854, 0.00024762716577697574, 0.00028308967409884644, 0.00026193965891252446, 0.0002737825259373494, 0.00023563620186450862, 0.0002798149946556805, 0.00026494879045912967, 0.000242369317675184, 0.00022299018564808648, 0.00022898316694863752, 0.00021777350571028364, 0.00021907422967615275, 0.00020792708778571978, 0.0002510024517050624, 0.00023632991974409379, 0.0002216265463630407, 0.0002497078645546935, 0.00020977949554890074, 0.00021487727974545123, 0.00022661187222183798, 0.00021726802003740886, 0.00021260499033814995, 0.00019892278760380577, 0.00019969090294580383, 0.00020591673751368944, 0.00021215169817878632, 0.00023353079313892522, 0.00020343776668596547, 0.0002230721780733802, 0.00022939313316783227, 0.00020932943880325183, 0.00023054352925555577, 0.00022093016286817146, 0.00023538786808785517, 0.0002395078747667867, 0.00019941595712680282, 0.0002202565882498675, 0.0002208779699230945, 0.00020769347304394614, 0.0002316007240210638, 0.00023417621935095667, 0.0002266987729626635, 0.00027164179664396215, 0.00022434904883539275, 0.0002108701490897147, 0.00019368301809663535, 0.00021109603551394684, 0.00024224912635872897, 0.00022584437425621218, 0.00023633064199657383, 0.00019848507974984386, 0.00021128021626282134], "loss": [5.963319627775086, 0.050852392696672015, 0.010578392642653651, 0.0032585898491864405, 0.0014660951241643892, 0.0009397364596629308, 0.0008480027188650436, 0.0005566483661015001, 0.00045511584903579205, 0.00037358416981684667, 0.000373948546540406, 0.0003431555087445304, 0.00031601922334327054, 0.00039490611460577283, 0.0003659744106698781, 0.00031061963010061946, 0.0002736789772623322, 0.0002586443717720815, 0.0002793364870336114, 0.000262426923856967, 0.000222665936841319, 0.00023070461045588471, 0.00020349091856688674, 0.0002188876581688722, 0.00021090423655954914, 0.0002239248553653144, 0.0001938020149181183, 0.00017015581478416506, 0.00018913396989874955, 0.00017475956782517541, 0.00019266392175470374, 0.0002070233102939609, 0.00014251755864178349, 0.00015693110051668354, 0.00014035491929260187, 0.0001433156034585813, 0.00013335329357586388, 0.00015230081205825426, 0.00014231672846815654, 0.00014296705113439303, 0.0001403967811105152, 0.00014227849169401452, 0.00013115031227547055, 0.0001250820625702747, 0.00011013466104890945, 0.00011833399346667445, 0.00010328848778347795, 0.0001363641624468275, 0.00013935928129487566, 0.00011712250246394736, 0.00012986855775428316, 0.00011108985523201732, 0.00011897987941564579, 0.00011845263927373, 0.00010950832559804742, 0.00011321449306301979, 8.988488075879609e-05, 8.447192683686606e-05, 9.326486300172594e-05, 8.559764197949941e-05, 9.212875819583941e-05, 9.164153905456058e-05, 8.557997150799363e-05, 9.171157338035603e-05, 0.00011290358088444918, 0.00010257927351631224, 0.00011434641863969673, 9.341485080464433e-05, 0.00010185865944044458, 8.395070431611707e-05, 7.027088617582599e-05, 7.793610428860929e-05, 7.241004075492836e-05, 8.128461518531872e-05, 7.074135848799617e-05, 7.261977750911481e-05, 8.266725611368504e-05, 8.478182725310844e-05, 8.247911035949882e-05, 7.376173461024236e-05, 7.404829456289817e-05, 7.8401030704198e-05, 8.225637995767304e-05, 8.566856235524433e-05, 8.022900712805697e-05, 7.603314427089774e-05, 8.107068465000743e-05, 7.315708312995007e-05, 7.06247733938249e-05, 9.939052203359704e-05, 6.887850759085268e-05, 7.651767858381693e-05, 5.493573432128566e-05, 6.328872687946487e-05, 5.427773794508539e-05, 9.141673379215515e-05, 7.879501289506961e-05, 7.301220021973777e-05, 6.170778336430278e-05, 6.285926065174863e-05],