{"val_loss": [2343507.03125, 2312681.3984375, 2307994.5390625, 2291247.6640625, 2277391.15234375, 2268180.4140625, 2255560.62109375, 2238941.1875, 2214091.12109375, 2198049.99609375, 2188250.44140625, 2170873.939453125, 2152902.138671875, 2149221.07421875, 2135250.359375, 2112401.41796875, 2110508.173828125, 2104434.552734375, 2083610.421875, 2065184.666015625, 2046040.31640625, 2034288.80859375, 2035303.80078125, 2015435.767578125, 1995809.50390625, 1994559.91015625, 1975958.296875, 1962943.060546875, 1948505.8671875, 1930851.974609375, 1920733.96875, 1901638.92578125, 1900370.583984375, 1877771.119140625, 1878141.6875, 1868107.876953125, 1845106.61328125, 1836010.33203125, 1819691.146484375, 1818135.62890625, 1812154.6796875, 1800484.021484375, 1782967.67578125, 1760013.767578125, 1757284.52734375, 1732201.45703125, 1731368.515625, 1712404.705078125, 1703456.37890625, 1696399.216796875, 1686220.21484375, 1668092.365234375, 1661212.4296875, 1649888.4609375, 1629532.32421875, 1634399.755859375, 1611846.701171875, 1600010.921875, 1598269.779296875, 1569927.93359375, 1574536.537109375, 1561941.802734375, 1554636.978515625, 1529380.197265625, 1525764.763671875, 1519581.158203125, 1509197.1484375, 1503019.95703125, 1488178.435546875, 1477793.95703125, 1474980.8671875, 1454128.71875, 1450022.416015625, 1439937.099609375, 1427383.23046875, 1416374.2109375, 1408246.646484375, 1405234.876953125, 1389453.8125, 1375563.7109375, 1362138.11328125, 1360874.841796875, 1349828.5546875, 1334822.03125, 1327227.21484375, 1320535.451171875, 1315360.36328125, 1298165.904296875, 1288869.154296875, 1281433.837890625, 1268364.43359375, 1276683.12109375, 1253244.353515625, 1247868.35546875, 1233500.57421875, 1225349.091796875, 1205476.685546875, 1207533.06640625, 1197856.580078125, 1189488.71875], "val_mean_squared_error": [2343507.03125, 2312681.3984375, 2307994.5390625, 2291247.6640625, 2277391.15234375, 2268180.4140625, 2255560.62109375, 2238941.1875, 2214091.12109375, 2198049.99609375, 2188250.44140625, 2170873.939453125, 2152902.138671875, 2149221.07421875, 2135250.359375, 2112401.41796875, 2110508.173828125, 2104434.552734375, 2083610.421875, 2065184.666015625, 2046040.31640625, 2034288.80859375, 2035303.80078125, 2015435.767578125, 1995809.50390625, 1994559.91015625, 1975958.296875, 1962943.060546875, 1948505.8671875, 1930851.974609375, 1920733.96875, 1901638.92578125, 1900370.583984375, 1877771.119140625, 1878141.6875, 1868107.876953125, 1845106.61328125, 1836010.33203125, 1819691.146484375, 1818135.62890625, 1812154.6796875, 1800484.021484375, 1782967.67578125, 1760013.767578125, 1757284.52734375, 1732201.45703125, 1731368.515625, 1712404.705078125, 1703456.37890625, 1696399.216796875, 1686220.21484375, 1668092.365234375, 1661212.4296875, 1649888.4609375, 1629532.32421875, 1634399.755859375, 1611846.701171875, 1600010.921875, 1598269.779296875, 1569927.93359375, 1574536.537109375, 1561941.802734375, 1554636.978515625, 1529380.197265625, 1525764.763671875, 1519581.158203125, 1509197.1484375, 1503019.95703125, 1488178.435546875, 1477793.95703125, 1474980.8671875, 1454128.71875, 1450022.416015625, 1439937.099609375, 1427383.23046875, 1416374.2109375, 1408246.646484375, 1405234.876953125, 1389453.8125, 1375563.7109375, 1362138.11328125, 1360874.841796875, 1349828.5546875, 1334822.03125, 1327227.21484375, 1320535.451171875, 1315360.36328125, 1298165.904296875, 1288869.154296875, 1281433.837890625, 1268364.43359375, 1276683.12109375, 1253244.353515625, 1247868.35546875, 1233500.57421875, 1225349.091796875, 1205476.685546875, 1207533.06640625, 1197856.580078125, 1189488.71875], "loss": [2354108.8333333335, 2316844.5, 2339001.9444444445, 2316824.972222222, 2324281.3055555555, 2307469.9166666665, 2251802.777777778, 2260029.25, 2207277.3055555555, 2214768.222222222, 2232654.8055555555, 2206046.25, 2180905.3055555555, 2189164.777777778, 2169241.5, 2160148.027777778, 2131111.888888889, 2141334.472222222, 2133466.277777778, 2069845.9722222222, 2050855.2916666667, 2034824.4583333333, 2064737.1805555555, 2024000.5416666667, 2036454.486111111, 2000732.6805555555, 2002173.263888889, 1989194.986111111, 1995085.3055555555, 1954312.9722222222, 1969330.8055555555, 1927308.7777777778, 1914847.8194444445, 1893283.013888889, 1887119.263888889, 1874152.638888889, 1864229.0972222222, 1829229.2777777778, 1835410.4027777778, 1821808.875, 1816068.5694444445, 1803841.4583333333, 1777847.9305555555, 1759915.0694444445, 1767394.611111111, 1761824.9722222222, 1750951.9444444445, 1724008.5, 1725285.9444444445, 1715014.8194444445, 1698059.9166666667, 1672566.111111111, 1665241.0, 1684323.4722222222, 1650430.75, 1660906.3333333333, 1657875.986111111, 1598911.4722222222, 1611595.0833333333, 1586988.7777777778, 1592376.4583333333, 1582660.486111111, 1557820.138888889, 1553080.1666666667, 1547233.1805555555, 1531418.125, 1530157.5694444445, 1502333.0555555555, 1495917.736111111, 1474170.236111111, 1476956.138888889, 1492893.5555555555, 1460263.2083333333, 1451918.7083333333, 1442620.4583333333, 1437620.6527777778, 1404385.8055555555, 1414336.6805555555, 1386314.736111111, 1403079.1944444445, 1389503.8472222222, 1353253.0972222222, 1355170.861111111, 1371098.8333333333, 1345092.8055555555, 1342445.125, 1352255.1944444445, 1306409.4722222222, 1296338.4166666667, 1302792.611111111, 1292331.736111111, 1296265.5, 1261886.111111111, 1270145.0694444445, 1258737.1666666667, 1252683.0972222222, 1247446.8055555555, 1241514.138888889, 1205419.8194444445, 1213943.4166666667], "mean_squared_error": [2354108.8333333335, 2316844.5, 2339001.9444444445, 2316824.972222222, 2324281.3055555555, 2307469.9166666665, 2251802.777777778, 2260029.25, 2207277.3055555555, 2214768.222222222, 2232654.8055555555, 2206046.25, 2180905.3055555555, 2189164.777777778, 2169241.5, 2160148.027777778, 2131111.888888889, 2141334.472222222, 2133466.277777778, 2069845.9722222222, 2050855.2916666667, 2034824.4583333333, 2064737.1805555555, 2024000.5416666667, 2036454.486111111, 2000732.6805555555, 2002173.263888889, 1989194.986111111, 1995085.3055555555, 1954312.9722222222, 1969330.8055555555, 1927308.7777777778, 1914847.8194444445, 1893283.013888889, 1887119.263888889, 1874152.638888889, 1864229.0972222222, 1829229.2777777778, 1835410.4027777778, 1821808.875, 1816068.5694444445, 1803841.4583333333, 1777847.9305555555, 1759915.0694444445, 1767394.611111111, 1761824.9722222222, 1750951.9444444445, 1724008.5, 1725285.9444444445, 1715014.8194444445, 1698059.9166666667, 1672566.111111111, 1665241.0, 1684323.4722222222, 1650430.75, 1660906.3333333333, 1657875.986111111, 1598911.4722222222, 1611595.0833333333, 1586988.7777777778, 1592376.4583333333, 1582660.486111111, 1557820.138888889, 1553080.1666666667, 1547233.1805555555, 1531418.125, 1530157.5694444445, 1502333.0555555555, 1495917.736111111, 1474170.236111111, 1476956.138888889, 1492893.5555555555, 1460263.2083333333, 1451918.7083333333, 1442620.4583333333, 1437620.6527777778, 1404385.8055555555, 1414336.6805555555, 1386314.736111111, 1403079.1944444445, 1389503.8472222222, 1353253.0972222222, 1355170.861111111, 1371098.8333333333, 1345092.8055555555, 1342445.125, 1352255.1944444445, 1306409.4722222222, 1296338.4166666667, 1302792.611111111, 1292331.736111111, 1296265.5, 1261886.111111111, 1270145.0694444445, 1258737.1666666667, 1252683.0972222222, 1247446.8055555555, 1241514.138888889, 1205419.8194444445, 1213943.4166666667]}