{"val_loss": [0.0384658484836109, 0.007420000933052506, 0.005679869369487278, 0.004981536407285603, 0.004671416128985584, 0.0043531762130442075, 0.004037705552036641, 0.004120811569009675, 0.003883442965161521, 0.0037588106133625843, 0.0038329819617501926, 0.003801557217229856, 0.0039705866074655205, 0.0038949549561948515, 0.0038814868094050325, 0.003677491029520752, 0.0036475693013926502, 0.003621276864578249, 0.003659247020550538, 0.0037261360812408384, 0.0036968749591324013, 0.003665093427116517, 0.003581853445211891, 0.0035830843989970163, 0.0034277569757250603, 0.0035039105532632675, 0.003634362292359583, 0.0032747995901445393, 0.0033108126917795744, 0.003470944593573222, 0.003314124776807148, 0.0037833367568964604, 0.003535662701324327, 0.0034995304158655927, 0.003241517064452637, 0.0032788457501737867, 0.003662617407826474, 0.003140234013699228, 0.0032302427061949857, 0.0031386389455292374, 0.0029199812779552303, 0.0031203363250824623, 0.0029395936071523465, 0.0031774147973919753, 0.0029637699990416877, 0.003162584202073049, 0.003227295139367925, 0.0032223464440903626, 0.0031988547088985797, 0.0032758259876572993, 0.0031039123568916693, 0.0029675853438675404, 0.003364738735399442, 0.0029148638586775633, 0.0034296702870051377, 0.003083450454141712, 0.003149956090055639, 0.003269881013693521, 0.003435122151131509, 0.003041928055608878, 0.003021222650204436, 0.0033051936188712716, 0.00310013051785063, 0.003131049466901459, 0.0032140432522282936, 0.0030462144659395562, 0.0030278179110609926, 0.0028677572699962184, 0.0029126695862942142, 0.0031483697894145735, 0.0029065399212413467, 0.0030661394812341314, 0.00291392307553906, 0.002871464714189642, 0.003226930297387298, 0.0030249289047787897, 0.003042756199647556, 0.0029752443588222377, 0.0030589288362534717, 0.003042418116820045, 0.0029467067870427854, 0.0030705371937074233, 0.002832984071574174, 0.002855776836440782, 0.0031726939778309315, 0.0027284574025543407, 0.0029936823921161704, 0.003066598357690964, 0.002804345411277609, 0.002739786188612925, 0.0028222964065207634, 0.002848941792763071, 0.0027707492699846625, 0.0027423942810855806, 0.0028085460398870055, 0.0026770008571475046, 0.0028001717328152154, 0.0027368097289581783, 0.0030024772459000815, 0.002876108428608859], "val_mean_squared_error": [0.0384658484836109, 0.007420000933052506, 0.005679869369487278, 0.004981536407285603, 0.004671416128985584, 0.0043531762130442075, 0.004037705552036641, 0.004120811569009675, 0.003883442965161521, 0.0037588106133625843, 0.0038329819617501926, 0.003801557217229856, 0.0039705866074655205, 0.0038949549561948515, 0.0038814868094050325, 0.003677491029520752, 0.0036475693013926502, 0.003621276864578249, 0.003659247020550538, 0.0037261360812408384, 0.0036968749591324013, 0.003665093427116517, 0.003581853445211891, 0.0035830843989970163, 0.0034277569757250603, 0.0035039105532632675, 0.003634362292359583, 0.0032747995901445393, 0.0033108126917795744, 0.003470944593573222, 0.003314124776807148, 0.0037833367568964604, 0.003535662701324327, 0.0034995304158655927, 0.003241517064452637, 0.0032788457501737867, 0.003662617407826474, 0.003140234013699228, 0.0032302427061949857, 0.0031386389455292374, 0.0029199812779552303, 0.0031203363250824623, 0.0029395936071523465, 0.0031774147973919753, 0.0029637699990416877, 0.003162584202073049, 0.003227295139367925, 0.0032223464440903626, 0.0031988547088985797, 0.0032758259876572993, 0.0031039123568916693, 0.0029675853438675404, 0.003364738735399442, 0.0029148638586775633, 0.0034296702870051377, 0.003083450454141712, 0.003149956090055639, 0.003269881013693521, 0.003435122151131509, 0.003041928055608878, 0.003021222650204436, 0.0033051936188712716, 0.00310013051785063, 0.003131049466901459, 0.0032140432522282936, 0.0030462144659395562, 0.0030278179110609926, 0.0028677572699962184, 0.0029126695862942142, 0.0031483697894145735, 0.0029065399212413467, 0.0030661394812341314, 0.00291392307553906, 0.002871464714189642, 0.003226930297387298, 0.0030249289047787897, 0.003042756199647556, 0.0029752443588222377, 0.0030589288362534717, 0.003042418116820045, 0.0029467067870427854, 0.0030705371937074233, 0.002832984071574174, 0.002855776836440782, 0.0031726939778309315, 0.0027284574025543407, 0.0029936823921161704, 0.003066598357690964, 0.002804345411277609, 0.002739786188612925, 0.0028222964065207634, 0.002848941792763071, 0.0027707492699846625, 0.0027423942810855806, 0.0028085460398870055, 0.0026770008571475046, 0.0028001717328152154, 0.0027368097289581783, 0.0030024772459000815, 0.002876108428608859], "loss": [5.92964971727795, 0.02216750347158975, 0.008506325694421927, 0.006405516475852992, 0.004774695262312889, 0.004888729192316532, 0.004443750095864137, 0.004282836414252718, 0.004085236332482762, 0.004138852366142803, 0.0037375675359119973, 0.004132424429472949, 0.003971635079425242, 0.0036020382669650847, 0.0037337192334234715, 0.003588973389317592, 0.003579147496364183, 0.003399236929706401, 0.0032372096967366007, 0.0034468811677975785, 0.003609406735955013, 0.0032583869114104244, 0.003604309529893928, 0.0031033073448472554, 0.0031477058720257548, 0.003374237903497285, 0.003229152359482315, 0.0033222006168216467, 0.003247909765276644, 0.0035577436081237262, 0.003629982238635421, 0.0029631011032809815, 0.0032619042063338887, 0.0033723456888563102, 0.003000441240146756, 0.0030238478082335657, 0.003181604823718468, 0.003139210528590613, 0.0029436619952321053, 0.002958382091795405, 0.002777550576461686, 0.0034144976848943364, 0.0028115331660956144, 0.002889744678719176, 0.002802837769397431, 0.002961176395830181, 0.0028150359737790292, 0.0026998871471732855, 0.00288763212867909, 0.003072511146052016, 0.002936405388431417, 0.0026684748008847237, 0.0030816252239876324, 0.002835980745860272, 0.003051451329762737, 0.002853231504559517, 0.002782955118972394, 0.0026760699693113565, 0.0029217807265619435, 0.0027177095827129153, 0.0027599341443015468, 0.003023734756021036, 0.0025216243229806423, 0.0025777662069433266, 0.002818844902018706, 0.003126376929382483, 0.002876758083908094, 0.002897742230238186, 0.0026857842846463123, 0.0025007058090219894, 0.002543046216790875, 0.0026903018976251283, 0.002705882458637158, 0.002706023502267069, 0.0027635223232209682, 0.002635961165651679, 0.0024817046812838977, 0.002608497575339344, 0.0025329337093151277, 0.0023500206621570718, 0.0024383725960635478, 0.002586478962459498, 0.0023571599093783232, 0.002287959240169989, 0.0023317205616169507, 0.0024383602819095054, 0.0023907661153417495, 0.0025215679650298422, 0.002254002378322184, 0.0023084609096662868, 0.002321129199117422, 0.002168447943404317, 0.0022252394507328668, 0.002215921206192838, 0.002203882128621141, 0.002294157295384341, 0.0023802664234406417, 0.002278673876490858, 0.002120791468769312, 0.002383049034203092],