{"val_loss": [72.92180496454239, 71.84760791063309, 72.14340656995773, 70.87383884191513, 71.54769146442413, 72.3228200674057, 71.83695757389069, 71.48703962564468, 72.33256846666336, 71.87410700321198, 71.52128475904465, 72.35514557361603, 71.87623089551926, 71.40351516008377, 73.40439063310623, 70.24232798814774, 70.8200015425682, 72.5312922000885, 71.57964831590652, 71.97860991954803, 71.96924614906311, 70.91003841161728, 71.30728667974472, 71.87798142433167, 72.3258398771286, 70.67127811908722, 72.30182880163193, 72.54789066314697, 72.39324563741684, 72.81869548559189, 73.16107696294785, 71.36852467060089, 71.77602225542068, 70.14354932308197, 72.32490622997284, 72.5289164185524, 72.885333776474, 71.78677171468735, 72.14339238405228, 72.0492542386055, 71.08558464050293, 72.26792877912521, 71.18405163288116, 71.79898858070374, 70.40866166353226, 71.73693841695786, 72.46040219068527, 71.64812749624252, 70.61053615808487, 72.12268805503845, 73.13850504159927, 72.07387906312943, 72.62087833881378, 70.34544575214386, 73.50531804561615, 73.17580831050873, 70.2581912279129, 73.32328462600708, 71.84221738576889, 70.32376962900162, 71.92384028434753, 71.56149512529373, 72.10339480638504, 72.66180473566055, 70.89624637365341, 73.46231311559677, 72.4649071097374, 72.65851980447769, 71.48280322551727, 73.43485569953918, 71.8656615614891, 71.68598860502243, 72.32873690128326, 70.59510535001755, 71.65639770030975, 72.14886355400085, 73.2786608338356, 70.60262870788574, 70.37871319055557, 72.51433944702148, 71.54594874382019, 71.0139502286911, 71.1866614818573, 71.43068498373032, 73.03540390729904, 74.08854395151138, 72.13180565834045, 70.8041130900383, 71.85402727127075, 72.20039057731628, 72.86950129270554, 71.74778032302856, 71.51011598110199, 72.11654168367386, 72.00469040870667, 72.93005168437958, 71.61792361736298, 72.9710077047348, 71.77107059955597, 72.38175135850906], "val_mean_squared_error": [72.92180496454239, 71.84760791063309, 72.14340656995773, 70.87383884191513, 71.54769146442413, 72.3228200674057, 71.83695757389069, 71.48703962564468, 72.33256846666336, 71.87410700321198, 71.52128475904465, 72.35514557361603, 71.87623089551926, 71.40351516008377, 73.40439063310623, 70.24232798814774, 70.8200015425682, 72.5312922000885, 71.57964831590652, 71.97860991954803, 71.96924614906311, 70.91003841161728, 71.30728667974472, 71.87798142433167, 72.3258398771286, 70.67127811908722, 72.30182880163193, 72.54789066314697, 72.39324563741684, 72.81869548559189, 73.16107696294785, 71.36852467060089, 71.77602225542068, 70.14354932308197, 72.32490622997284, 72.5289164185524, 72.885333776474, 71.78677171468735, 72.14339238405228, 72.0492542386055, 71.08558464050293, 72.26792877912521, 71.18405163288116, 71.79898858070374, 70.40866166353226, 71.73693841695786, 72.46040219068527, 71.64812749624252, 70.61053615808487, 72.12268805503845, 73.13850504159927, 72.07387906312943, 72.62087833881378, 70.34544575214386, 73.50531804561615, 73.17580831050873, 70.2581912279129, 73.32328462600708, 71.84221738576889, 70.32376962900162, 71.92384028434753, 71.56149512529373, 72.10339480638504, 72.66180473566055, 70.89624637365341, 73.46231311559677, 72.4649071097374, 72.65851980447769, 71.48280322551727, 73.43485569953918, 71.8656615614891, 71.68598860502243, 72.32873690128326, 70.59510535001755, 71.65639770030975, 72.14886355400085, 73.2786608338356, 70.60262870788574, 70.37871319055557, 72.51433944702148, 71.54594874382019, 71.0139502286911, 71.1866614818573, 71.43068498373032, 73.03540390729904, 74.08854395151138, 72.13180565834045, 70.8041130900383, 71.85402727127075, 72.20039057731628, 72.86950129270554, 71.74778032302856, 71.51011598110199, 72.11654168367386, 72.00469040870667, 72.93005168437958, 71.61792361736298, 72.9710077047348, 71.77107059955597, 72.38175135850906], "loss": [92.96227433946397, 66.04905870225694, 71.21695709228516, 66.7796147664388, 70.91889741685655, 68.08826446533203, 65.84132809109158, 70.70136176215277, 67.86480967203777, 68.50800365871854, 65.51243252224393, 71.23355187310113, 68.64352756076389, 68.11693149142795, 69.07196977403429, 68.85847049289279, 66.7346903483073, 66.78573693169488, 69.35845523410373, 69.48461702134874, 70.51410251193576, 70.40833791097005, 70.85115305582683, 68.11644744873047, 67.44493823581271, 67.72611702813043, 70.13754442003038, 63.974571228027344, 66.79639053344727, 71.54011366102431, 67.50129530164931, 70.68359926011827, 68.73417494032118, 64.71437030368381, 69.7571661207411, 68.82678010728624, 69.80084567599826, 69.87644661797418, 71.54558224148221, 67.0387814839681, 67.28934054904514, 71.54535802205403, 72.57005013359918, 70.24538675944011, 71.60736083984375, 69.00500573052301, 71.62353769938152, 73.03646426730685, 67.82395850287543, 71.84920289781358, 66.02320904201932, 66.32707002427843, 70.03727298312717, 65.92151599460178, 70.15612877739801, 68.81498379177518, 71.91909959581163, 70.63271204630534, 71.3156255086263, 69.39173762003581, 66.78369055853949, 66.68131510416667, 70.03694873385959, 69.54534233940973, 70.10616556803386, 71.64440409342448, 70.59998999701605, 65.92296939425998, 75.08382839626736, 68.59196387396918, 72.62399207221137, 67.00156741672092, 69.78906461927626, 69.82731289333768, 67.83809619479709, 72.94374974568684, 68.63204913669162, 67.48967107137044, 73.24979231092665, 66.11182615492079, 70.5019408331977, 69.16009055243597, 68.71900092230902, 63.78269958496094, 64.19961251152887, 71.03662660386827, 67.7281265258789, 67.20507219102647, 68.68507342868381, 68.6612057156033, 68.6614481608073, 67.37143495347765, 67.25378841824002, 67.19707107543945, 67.63157272338867, 70.67387135823567, 69.8930435180664, 68.88517083062067, 71.48270416259766, 69.56956397162543], "mean_squared_error": [92.96227433946397, 66.04905870225694, 71.21695709228516, 66.7796147664388, 70.91889741685655, 68.08826446533203, 65.84132809109158, 70.70136176215277, 67.86480967203777, 68.50800365871854, 65.51243252224393, 71.23355187310113, 68.64352756076389, 68.11693149142795, 69.07196977403429, 68.85847049289279, 66.7346903483073, 66.78573693169488, 69.35845523410373, 69.48461702134874, 70.51410251193576, 70.40833791097005, 70.85115305582683, 68.11644744873047, 67.44493823581271, 67.72611702813043, 70.13754442003038, 63.974571228027344, 66.79639053344727, 71.54011366102431, 67.50129530164931, 70.68359926011827, 68.73417494032118, 64.71437030368381, 69.7571661207411, 68.82678010728624, 69.80084567599826, 69.87644661797418, 71.54558224148221, 67.0387814839681, 67.28934054904514, 71.54535802205403, 72.57005013359918, 70.24538675944011, 71.60736083984375, 69.00500573052301, 71.62353769938152, 73.03646426730685, 67.82395850287543, 71.84920289781358, 66.02320904201932, 66.32707002427843, 70.03727298312717, 65.92151599460178, 70.15612877739801, 68.81498379177518, 71.91909959581163, 70.63271204630534, 71.3156255086263, 69.39173762003581, 66.78369055853949, 66.68131510416667, 70.03694873385959, 69.54534233940973, 70.10616556803386, 71.64440409342448, 70.59998999701605, 65.92296939425998, 75.08382839626736, 68.59196387396918, 72.62399207221137, 67.00156741672092, 69.78906461927626, 69.82731289333768, 67.83809619479709, 72.94374974568684, 68.63204913669162, 67.48967107137044, 73.24979231092665, 66.11182615492079, 70.5019408331977, 69.16009055243597, 68.71900092230902, 63.78269958496094, 64.19961251152887, 71.03662660386827, 67.7281265258789, 67.20507219102647, 68.68507342868381, 68.6612057156033, 68.6614481608073, 67.37143495347765, 67.25378841824002, 67.19707107543945, 67.63157272338867, 70.67387135823567, 69.8930435180664, 68.88517083062067, 71.48270416259766, 69.56956397162543]}