{"val_loss": [55.0715908408165, 57.63257986307144, 56.43298679590225, 55.03188598155975, 55.88491368293762, 54.761230170726776, 56.61708724498749, 55.401816844940186, 55.87871277332306, 56.420609295368195, 55.392257392406464, 55.64106184244156, 54.86633723974228, 55.21188259124756, 56.50534635782242, 55.54524952173233, 55.561774134635925, 56.69335877895355, 56.05937224626541, 54.96961098909378, 55.80142533779144, 56.21505093574524, 56.559832990169525, 55.96984660625458, 55.61880749464035, 55.632242262363434, 55.126832723617554, 55.756596863269806, 56.76296693086624, 55.82863801717758, 55.10376113653183, 55.36396062374115, 55.70693838596344, 55.413696110248566, 56.126392006874084, 55.24183762073517, 56.13095957040787, 55.80958127975464, 55.130571246147156, 55.43085342645645, 55.741867661476135, 54.53790730237961, 54.32164812088013, 56.14163166284561, 54.669820964336395, 56.02538323402405, 55.710816621780396, 55.45791161060333, 54.31698662042618, 55.759838223457336, 56.59752571582794, 53.69690716266632, 55.77337437868118, 56.31968826055527, 54.305188953876495, 56.20093637704849, 56.25491511821747, 54.79654383659363, 55.69239145517349, 54.629310131073, 56.840001940727234, 55.229200422763824, 55.880837976932526, 54.93013870716095, 56.24727213382721, 55.20450460910797, 55.388060569763184, 55.24095356464386, 55.889252722263336, 54.39623087644577, 56.34673851728439, 56.18546986579895, 55.90741664171219, 57.496693313121796, 55.75776207447052, 56.377795338630676, 56.72569763660431, 55.00046467781067, 55.02783888578415, 56.44586926698685, 55.21647894382477, 57.43128710985184, 55.76996123790741, 55.85242289304733, 55.52821695804596, 56.25600641965866, 55.830857038497925, 55.20162630081177, 56.0845382809639, 56.43340414762497, 56.56527954339981, 54.437517523765564, 55.425780177116394, 54.33883482217789, 55.74459528923035, 56.55533009767532, 54.61562263965607, 56.309201300144196, 55.58645588159561, 55.376280188560486], "val_mean_squared_error": [55.0715908408165, 57.63257986307144, 56.43298679590225, 55.03188598155975, 55.88491368293762, 54.761230170726776, 56.61708724498749, 55.401816844940186, 55.87871277332306, 56.420609295368195, 55.392257392406464, 55.64106184244156, 54.86633723974228, 55.21188259124756, 56.50534635782242, 55.54524952173233, 55.561774134635925, 56.69335877895355, 56.05937224626541, 54.96961098909378, 55.80142533779144, 56.21505093574524, 56.559832990169525, 55.96984660625458, 55.61880749464035, 55.632242262363434, 55.126832723617554, 55.756596863269806, 56.76296693086624, 55.82863801717758, 55.10376113653183, 55.36396062374115, 55.70693838596344, 55.413696110248566, 56.126392006874084, 55.24183762073517, 56.13095957040787, 55.80958127975464, 55.130571246147156, 55.43085342645645, 55.741867661476135, 54.53790730237961, 54.32164812088013, 56.14163166284561, 54.669820964336395, 56.02538323402405, 55.710816621780396, 55.45791161060333, 54.31698662042618, 55.759838223457336, 56.59752571582794, 53.69690716266632, 55.77337437868118, 56.31968826055527, 54.305188953876495, 56.20093637704849, 56.25491511821747, 54.79654383659363, 55.69239145517349, 54.629310131073, 56.840001940727234, 55.229200422763824, 55.880837976932526, 54.93013870716095, 56.24727213382721, 55.20450460910797, 55.388060569763184, 55.24095356464386, 55.889252722263336, 54.39623087644577, 56.34673851728439, 56.18546986579895, 55.90741664171219, 57.496693313121796, 55.75776207447052, 56.377795338630676, 56.72569763660431, 55.00046467781067, 55.02783888578415, 56.44586926698685, 55.21647894382477, 57.43128710985184, 55.76996123790741, 55.85242289304733, 55.52821695804596, 56.25600641965866, 55.830857038497925, 55.20162630081177, 56.0845382809639, 56.43340414762497, 56.56527954339981, 54.437517523765564, 55.425780177116394, 54.33883482217789, 55.74459528923035, 56.55533009767532, 54.61562263965607, 56.309201300144196, 55.58645588159561, 55.376280188560486], "loss": [126.13314522637262, 58.0522346496582, 60.67027452256944, 60.239068773057724, 55.505729251437714, 58.10367287529839, 60.86681832207574, 60.381444719102646, 60.218872494167755, 59.51495064629449, 56.69622802734375, 56.54049555460612, 55.91902414957682, 57.29227871365018, 58.86472617255317, 56.93305672539605, 61.140218098958336, 57.42532433403863, 61.382555643717446, 56.127999199761284, 64.69202211168077, 55.54967329237196, 55.72301907009549, 56.886448330349396, 54.03383297390408, 59.26006613837348, 58.11531660291884, 56.221519470214844, 59.81669235229492, 57.8600582546658, 58.493548499213325, 58.59543482462565, 57.93072255452474, 55.57388559977213, 61.1280771891276, 57.877068837483726, 60.04931343926324, 55.727356380886505, 60.41644583808051, 58.93910471598307, 58.35411707560221, 60.647119734022354, 56.09953265719943, 60.44024742974175, 58.44373533460829, 62.36369196573893, 57.003365410698784, 57.28888914320204, 59.1526010301378, 57.314932929144966, 57.1159922281901, 60.83216306898329, 60.7102182176378, 58.33667416042752, 58.10424931844076, 57.65887535942925, 57.136729346381294, 58.59368218315972, 56.66384039984809, 55.86788855658637, 61.25570763481988, 60.31877687242296, 57.16092385186089, 59.472080654568146, 58.33473459879557, 59.289310455322266, 60.86741256713867, 57.58534961276584, 58.91786575317383, 57.35639444986979, 57.26227696736654, 59.291505601671005, 53.15814632839627, 59.326979319254555, 55.14140531751845, 62.04881032307943, 56.646568298339844, 57.67827055189345, 57.74624252319336, 56.930333879258896, 58.54419453938802, 60.34258694118924, 57.003155602349175, 56.80298953586154, 56.72111299302843, 58.625190311008026, 55.96463097466363, 58.072839948866104, 59.997130923800995, 58.211785634358726, 55.9893552992079, 61.02501085069444, 59.19994566175673, 60.05209096272787, 57.77560551961263, 56.38744778103299, 65.48636881510417, 55.30209181043837, 60.94827143351237, 58.70977528889974], "mean_squared_error": [126.13314522637262, 58.0522346496582, 60.67027452256944, 60.239068773057724, 55.505729251437714, 58.10367287529839, 60.86681832207574, 60.381444719102646, 60.218872494167755, 59.51495064629449, 56.69622802734375, 56.54049555460612, 55.91902414957682, 57.29227871365018, 58.86472617255317, 56.93305672539605, 61.140218098958336, 57.42532433403863, 61.382555643717446, 56.127999199761284, 64.69202211168077, 55.54967329237196, 55.72301907009549, 56.886448330349396, 54.03383297390408, 59.26006613837348, 58.11531660291884, 56.221519470214844, 59.81669235229492, 57.8600582546658, 58.493548499213325, 58.59543482462565, 57.93072255452474, 55.57388559977213, 61.1280771891276, 57.877068837483726, 60.04931343926324, 55.727356380886505, 60.41644583808051, 58.93910471598307, 58.35411707560221, 60.647119734022354, 56.09953265719943, 60.44024742974175, 58.44373533460829, 62.36369196573893, 57.003365410698784, 57.28888914320204, 59.1526010301378, 57.314932929144966, 57.1159922281901, 60.83216306898329, 60.7102182176378, 58.33667416042752, 58.10424931844076, 57.65887535942925, 57.136729346381294, 58.59368218315972, 56.66384039984809, 55.86788855658637, 61.25570763481988, 60.31877687242296, 57.16092385186089, 59.472080654568146, 58.33473459879557, 59.289310455322266, 60.86741256713867, 57.58534961276584, 58.91786575317383, 57.35639444986979, 57.26227696736654, 59.291505601671005, 53.15814632839627, 59.326979319254555, 55.14140531751845, 62.04881032307943, 56.646568298339844, 57.67827055189345, 57.74624252319336, 56.930333879258896, 58.54419453938802, 60.34258694118924, 57.003155602349175, 56.80298953586154, 56.72111299302843, 58.625190311008026, 55.96463097466363, 58.072839948866104, 59.997130923800995, 58.211785634358726, 55.9893552992079, 61.02501085069444, 59.19994566175673, 60.05209096272787, 57.77560551961263, 56.38744778103299, 65.48636881510417, 55.30209181043837, 60.94827143351237, 58.70977528889974]}