{"val_loss": [0.22280237125232816, 0.1061744139296934, 0.10552696173544973, 0.10145616787485778, 0.1013695108704269, 0.10368037596344948, 0.10097823711112142, 0.1030854411656037, 0.10462044121231884, 0.09798451780807227, 0.10454901761841029, 0.10201379290083423, 0.10054439824307337, 0.09926896379329264, 0.10247467621229589, 0.10059186338912696, 0.09931087651057169, 0.10203520383220166, 0.10309181385673583, 0.10195324383676052, 0.10020082024857402, 0.09594737738370895, 0.09850105014629662, 0.09786872041877359, 0.09821578045375645, 0.09884947160026059, 0.10282354103401303, 0.09716662229038775, 0.0969717331463471, 0.09824517567176372, 0.09766883263364434, 0.09936067473609, 0.09712195640895516, 0.09851092647295445, 0.09674841712694615, 0.09493119071703404, 0.10202577989548445, 0.10215803649043664, 0.10051575745455921, 0.09853335528168827, 0.09664820902980864, 0.09791966073680669, 0.09657241648528725, 0.09415366256143898, 0.09323098266031593, 0.09535988862626255, 0.09616603201720864, 0.09654992434661835, 0.09681199199985713, 0.10227446374483407, 0.10518723796121776, 0.10490663920063525, 0.10656621644739062, 0.10316289192996919, 0.0985757252201438, 0.0970176801783964, 0.09357360028661788, 0.09574025380425155, 0.09887384157627821, 0.09529960621148348, 0.09632428386248648, 0.09558604552876204, 0.09388078085612506, 0.0979748586541973, 0.09542418003547937, 0.09713456104509532, 0.09234892134554684, 0.09718240587972105, 0.10132552031427622, 0.09132620529271662, 0.09825575374998152, 0.09484821977093816, 0.09005597128998488, 0.09160094289109111, 0.08994761342182755, 0.09241071343421936, 0.09948338428512216, 0.08982535300310701, 0.09362950990907848, 0.0901268693851307, 0.08966145350132138, 0.09342842584010214, 0.09742106404155493, 0.09284451871644706, 0.09486122918315232, 0.09970230900216848, 0.09356126672355458, 0.09172460017725825, 0.09443540219217539, 0.09689644514583051, 0.09169254591688514, 0.09456606488674879, 0.09147863602265716, 0.09277165739331394, 0.08875021548010409, 0.09196174092357978, 0.09691764716990292, 0.09418782591819763, 0.095443589030765, 0.10079224011860788], "val_mean_squared_error": [0.22280237125232816, 0.1061744139296934, 0.10552696173544973, 0.10145616787485778, 0.1013695108704269, 0.10368037596344948, 0.10097823711112142, 0.1030854411656037, 0.10462044121231884, 0.09798451780807227, 0.10454901761841029, 0.10201379290083423, 0.10054439824307337, 0.09926896379329264, 0.10247467621229589, 0.10059186338912696, 0.09931087651057169, 0.10203520383220166, 0.10309181385673583, 0.10195324383676052, 0.10020082024857402, 0.09594737738370895, 0.09850105014629662, 0.09786872041877359, 0.09821578045375645, 0.09884947160026059, 0.10282354103401303, 0.09716662229038775, 0.0969717331463471, 0.09824517567176372, 0.09766883263364434, 0.09936067473609, 0.09712195640895516, 0.09851092647295445, 0.09674841712694615, 0.09493119071703404, 0.10202577989548445, 0.10215803649043664, 0.10051575745455921, 0.09853335528168827, 0.09664820902980864, 0.09791966073680669, 0.09657241648528725, 0.09415366256143898, 0.09323098266031593, 0.09535988862626255, 0.09616603201720864, 0.09654992434661835, 0.09681199199985713, 0.10227446374483407, 0.10518723796121776, 0.10490663920063525, 0.10656621644739062, 0.10316289192996919, 0.0985757252201438, 0.0970176801783964, 0.09357360028661788, 0.09574025380425155, 0.09887384157627821, 0.09529960621148348, 0.09632428386248648, 0.09558604552876204, 0.09388078085612506, 0.0979748586541973, 0.09542418003547937, 0.09713456104509532, 0.09234892134554684, 0.09718240587972105, 0.10132552031427622, 0.09132620529271662, 0.09825575374998152, 0.09484821977093816, 0.09005597128998488, 0.09160094289109111, 0.08994761342182755, 0.09241071343421936, 0.09948338428512216, 0.08982535300310701, 0.09362950990907848, 0.0901268693851307, 0.08966145350132138, 0.09342842584010214, 0.09742106404155493, 0.09284451871644706, 0.09486122918315232, 0.09970230900216848, 0.09356126672355458, 0.09172460017725825, 0.09443540219217539, 0.09689644514583051, 0.09169254591688514, 0.09456606488674879, 0.09147863602265716, 0.09277165739331394, 0.08875021548010409, 0.09196174092357978, 0.09691764716990292, 0.09418782591819763, 0.095443589030765, 0.10079224011860788], "loss": [4.3157977105842695, 0.14143077863587272, 0.11098752088016933, 0.1023303402794732, 0.10310698797305425, 0.10011954191658232, 0.09242554422881868, 0.09112495597865847, 0.0923701814479298, 0.09009711030456755, 0.09306221455335617, 0.09397852793335915, 0.09900045643250148, 0.09018011473947102, 0.08797314514716466, 0.09060362809234196, 0.09772177040576935, 0.09137213809622659, 0.0869829770591524, 0.09696597771512137, 0.08989412751462725, 0.09094276113642587, 0.09280733681387371, 0.08901252432001962, 0.08588072657585144, 0.08366488085852729, 0.0893522161576483, 0.09170369141631657, 0.09298645042710835, 0.09160082621706857, 0.09049213429292043, 0.08416143266691102, 0.09259509874714746, 0.0864892527461052, 0.08786360339985953, 0.08829890522691938, 0.09739525947305891, 0.10262034750647014, 0.0889054603046841, 0.0877248967687289, 0.08342643082141876, 0.09371734907229741, 0.09453892790608937, 0.08562223282125261, 0.08439151032103433, 0.0821194847424825, 0.08592678440941705, 0.08885211331976785, 0.08401552008257972, 0.08443791915973027, 0.0872599979241689, 0.08511307587226231, 0.0864525983730952, 0.09528869390487671, 0.0890671850906478, 0.08781745036443074, 0.08669833756155437, 0.08473732736375597, 0.08621277742915684, 0.0871318851908048, 0.0893653283516566, 0.07965150889423159, 0.08576297263304393, 0.08674120157957077, 0.08492494871218999, 0.08735412690374586, 0.08458198772536384, 0.0781974842151006, 0.0835259999665949, 0.07707458320591185, 0.0787108184562789, 0.08090386705266105, 0.08230853329102199, 0.08060821062988704, 0.07649732381105423, 0.07810877677467135, 0.08346642181277275, 0.08376941747135586, 0.0770694220231639, 0.07949537287155788, 0.08356691400210063, 0.08419709569878048, 0.08673448612292607, 0.07609549951222208, 0.08611459698941973, 0.07974169320530361, 0.08316256768173641, 0.07430562956465615, 0.08536783191892836, 0.08096636417839262, 0.08273419655031627, 0.08223480731248856, 0.08067001650730769, 0.07817342794603771, 0.07644522190093994, 0.07566821450988452, 0.07794355642464426, 0.08057743021183544, 0.07845193396011989, 0.07471095356676313],