{"val_loss": [0.08372473675990477, 0.04407201649155468, 0.04539901250973344, 0.043412276660092175, 0.03960456029744819, 0.03693080454831943, 0.03426516830222681, 0.033976627222727984, 0.03611486963927746, 0.0349327142466791, 0.03616512063308619, 0.03398917044978589, 0.03598259933642112, 0.03462248443975113, 0.03889923737733625, 0.03405412592110224, 0.03230208344757557, 0.033483372506452724, 0.035239388700574636, 0.033260223659453914, 0.03523471410153434, 0.03471939210430719, 0.03583458953653462, 0.03875339770456776, 0.03535166216897778, 0.03260699415113777, 0.03231872740434483, 0.034725261939456686, 0.031278697948437184, 0.033230391883989796, 0.03369469058816321, 0.0329010302957613, 0.030868428584653884, 0.03281794587383047, 0.03078691815608181, 0.0301067887339741, 0.0341128806467168, 0.030653114343294874, 0.037404974922537804, 0.030132850748486817, 0.03183289692969993, 0.033671522221993655, 0.03488680880400352, 0.03149395965738222, 0.030580611171899363, 0.032141330564627424, 0.029024498362559825, 0.03332634933758527, 0.027848616446135566, 0.030332184192957357, 0.02803814972867258, 0.030586785927880555, 0.03440793103072792, 0.028849405382061377, 0.03103062856826, 0.031469618843402714, 0.029823484306689352, 0.030926243402063847, 0.031120226252824068, 0.02973263038438745, 0.03450502184568904, 0.028600031801033765, 0.029129695874871686, 0.02892797629465349, 0.02831137433531694, 0.030675385176436976, 0.027606434479821473, 0.02759923442499712, 0.027288095239782706, 0.027421716455137357, 0.028734447085298598, 0.036673412832897156, 0.02774851824506186, 0.029767082422040403, 0.027404149557696655, 0.03249319113092497, 0.02976602900889702, 0.029227988357888535, 0.02671526142512448, 0.028768942516762763, 0.026442914211656898, 0.031104078283533454, 0.029076414881274104, 0.02858262913650833, 0.02873875678051263, 0.02827508159680292, 0.027851609920617193, 0.027356174687156454, 0.03275375740486197, 0.027482567995321006, 0.028023721446515992, 0.037885756144532934, 0.027043799258535728, 0.036463275930145755, 0.025939813174773008, 0.0337282674445305, 0.029062981688184664, 0.026418122462928295, 0.025846154225291684, 0.028161463676951826], "val_mean_squared_error": [0.08372473675990477, 0.04407201649155468, 0.04539901250973344, 0.043412276660092175, 0.03960456029744819, 0.03693080454831943, 0.03426516830222681, 0.033976627222727984, 0.03611486963927746, 0.0349327142466791, 0.03616512063308619, 0.03398917044978589, 0.03598259933642112, 0.03462248443975113, 0.03889923737733625, 0.03405412592110224, 0.03230208344757557, 0.033483372506452724, 0.035239388700574636, 0.033260223659453914, 0.03523471410153434, 0.03471939210430719, 0.03583458953653462, 0.03875339770456776, 0.03535166216897778, 0.03260699415113777, 0.03231872740434483, 0.034725261939456686, 0.031278697948437184, 0.033230391883989796, 0.03369469058816321, 0.0329010302957613, 0.030868428584653884, 0.03281794587383047, 0.03078691815608181, 0.0301067887339741, 0.0341128806467168, 0.030653114343294874, 0.037404974922537804, 0.030132850748486817, 0.03183289692969993, 0.033671522221993655, 0.03488680880400352, 0.03149395965738222, 0.030580611171899363, 0.032141330564627424, 0.029024498362559825, 0.03332634933758527, 0.027848616446135566, 0.030332184192957357, 0.02803814972867258, 0.030586785927880555, 0.03440793103072792, 0.028849405382061377, 0.03103062856826, 0.031469618843402714, 0.029823484306689352, 0.030926243402063847, 0.031120226252824068, 0.02973263038438745, 0.03450502184568904, 0.028600031801033765, 0.029129695874871686, 0.02892797629465349, 0.02831137433531694, 0.030675385176436976, 0.027606434479821473, 0.02759923442499712, 0.027288095239782706, 0.027421716455137357, 0.028734447085298598, 0.036673412832897156, 0.02774851824506186, 0.029767082422040403, 0.027404149557696655, 0.03249319113092497, 0.02976602900889702, 0.029227988357888535, 0.02671526142512448, 0.028768942516762763, 0.026442914211656898, 0.031104078283533454, 0.029076414881274104, 0.02858262913650833, 0.02873875678051263, 0.02827508159680292, 0.027851609920617193, 0.027356174687156454, 0.03275375740486197, 0.027482567995321006, 0.028023721446515992, 0.037885756144532934, 0.027043799258535728, 0.036463275930145755, 0.025939813174773008, 0.0337282674445305, 0.029062981688184664, 0.026418122462928295, 0.025846154225291684, 0.028161463676951826], "loss": [4.7732027769088745, 0.07021311049660046, 0.04338901531365183, 0.04146515495247311, 0.03606747856570615, 0.036353578997982874, 0.03818393581443363, 0.03325667170186838, 0.03346407206522094, 0.03282874677744177, 0.030883704001704853, 0.030939668210016355, 0.026865231080187693, 0.027872998267412186, 0.030034736005796328, 0.03002319609125455, 0.029338569276862674, 0.029755104126201734, 0.02970320710705386, 0.029650205746293068, 0.029383412872751553, 0.03067598616083463, 0.02839753507739968, 0.029881897899839614, 0.02923334389925003, 0.027160771191120148, 0.027355184571610555, 0.028117222918404475, 0.02784630676938428, 0.02687718884812461, 0.02626933612757259, 0.027082482559813395, 0.028780791494581435, 0.02606642349726624, 0.024439398613240983, 0.025593116051620908, 0.024320997504724398, 0.025429832024706736, 0.025332975718710158, 0.023068853757447667, 0.02449090675347381, 0.027286863575379055, 0.023510122671723366, 0.023164417180750106, 0.023868965398934152, 0.024024286203914218, 0.024247855155004397, 0.02215492559803857, 0.023445294756028388, 0.023383459076285362, 0.021709149806863733, 0.02119738670686881, 0.021731254541211657, 0.02257883321079943, 0.02034131416843997, 0.022096987399790022, 0.021716823594437704, 0.024123205492893856, 0.01986754923644993, 0.02185415704217222, 0.023063442359368008, 0.020994645232955616, 0.022099094465374947, 0.020769645149509113, 0.020735963558157284, 0.018583533457583852, 0.018915125582781103, 0.01915578016390403, 0.020061919569141336, 0.01928191042194764, 0.01758891333722406, 0.019621337557004556, 0.022295205750399165, 0.021554357061783474, 0.01983238301343388, 0.01711827651080158, 0.01782554357002179, 0.01772847440507677, 0.019554032012820244, 0.019634903719027836, 0.019024730763501592, 0.017466270468301244, 0.01734214100158877, 0.018236915063526895, 0.016309998722540006, 0.01402896342592107, 0.015609224740829732, 0.01635124482628372, 0.016909918333921168, 0.016717117900649708, 0.016147816243271034, 0.01711584720760584, 0.017049983764688175, 0.015407476367221938, 0.018001242333816156, 0.015526841394603252, 0.015577030264668994, 0.013725586959885227, 0.013813435617420409, 0.01392019736684031],